province;red;green;blue;x;x
1;168;17;74;Oshima;x
2;129;13;57;Hiyama;x
3;202;61;114;Setana;x
4;183;95;128;Shiribeshi;x
5;156;65;99;Ishikari;x
6;152;31;76;Sorachi;x
7;244;126;171;Iburi;x
8;244;60;129;Hidaka;x
9;103;13;47;Rumoi;x
10;171;34;85;Soya;x
11;215;91;138;Nakagawa;x
12;104;44;67;Kamikawa;x
13;140;10;59;Monbetsu;x
14;186;37;93;Ohotsuku;x
15;241;74;137;Nemuro;x
16;209;73;124;Kuriru;x
17;163;41;87;Kushiro;x
18;135;58;87;Obihiro;x
19;174;15;75;Tokachi;x
20;225;243;15;Tsugaru;x
21;230;242;93;Aomori;x
22;207;224;8;Shimokita;x
23;176;192;9;Ugo;x
24;188;198;82;Akita;x
25;228;246;38;Akumi;x
26;217;230;53;Tsuruoka;x
27;232;236;45;Yamagata;x
28;189;205;20;Kunohe;x
29;155;165;49;Iwate;x
30;173;185;50;Nishiiwai;x
31;209;227;18;Miyagi;x
32;195;212;17;Sendai;x
33;213;213;21;Aizu;x
34;223;224;37;Nakadori;x
35;234;255;0;Hamadori;x
36;161;79;79;Myogi;x
37;172;30;30;Agatsuma;x
38;133;34;34;Takasaki;x
39;241;54;54;Shiobara;x
40;180;100;100;Oya;x
41;219;85;85;Omoi;x
42;197;66;66;Mito;x
43;159;43;43;Tsukuba;x
44;157;10;10;Shimosa;x
45;145;51;51;Chiba;x
46;231;29;29;Sotobo;x
47;219;130;130;Izu;x
48;164;96;96;Hachijo;x
49;234;94;94;Ogasawara;x
50;221;51;51;Buko;x
51;188;27;27;Omiya;x
52;150;57;57;Tama;x
53;219;6;6;Tokyo;x
54;115;47;47;Hakone;x
55;216;68;68;Sagami;x
56;16;158;15;Niigata;x
57;8;130;7;Shinano;x
58;11;112;10;Kasugayama;x
59;81;170;80;Sado;x
60;23;176;21;Nagano;x
61;31;116;30;Matsumoto;x
62;46;88;45;Shimoina;x
63;136;213;135;Yamanashi;x
64;18;119;16;Hamana;x
65;94;144;93;Sunpu;x
66;119;205;117;Takayama;x
67;93;156;92;Toki;x
68;159;204;158;Gifu;x
69;24;177;21;Nagoya;x
70;115;230;112;Toyota;x
71;68;105;67;Toyama;x
72;93;192;91;Noto;x
73;106;151;105;Kaga;x
74;40;145;39;Fukui;x
75;72;162;70;Wakasa;x
76;88;160;198;Shiga;x
77;133;169;188;Hikone;x
78;58;99;121;Mie;x
79;24;73;99;Ise;x
80;10;121;152;Tango;x
81;19;139;172;Kyoto;x
82;71;161;161;Nara;x
83;40;197;197;Yoshino;x
84;88;181;212;Tajima;x
85;23;186;240;Himeji;x
86;51;156;191;Kobe;x
87;30;110;136;Hirakata;x
88;14;85;109;Osaka;x
89;50;96;111;Awaji;x
90;17;154;179;Wakayama;x
91;34;125;141;Tanabe;x
92;76;155;169;Kii;x
93;60;60;215;Shodo;x
94;0;0;206;Kagawa;x
95;44;44;130;Ehime;x
96;85;85;219;Nanyo;x
97;78;78;152;Tokushima;x
98;62;62;126;Kochi;x
99;31;31;136;Shimanto;x
100;122;107;22;Oki;x
101;229;176;14;Tottori;x
102;189;177;108;Shimane;x
103;211;193;89;Iwami;x
104;235;215;97;Hamada;x
105;161;143;91;Tsuyama;x
106;190;151;34;Okayama;x
107;206;178;94;Kurashiki;x
108;164;162;32;Miyoshi;x
109;136;134;45;Aki;x
110;185;183;86;Hiroshima;x
111;156;154;37;Nishiki;x
112;186;183;41;Yamaguchi;x
113;237;234;27;Nagato;x
114;229;112;200;Fukuoka;x
115;135;85;123;Kurume;x
116;231;71;159;Beppu;x
117;199;72;141;Oita;x
118;179;104;160;Saga;x
119;179;79;154;Iki;x
120;209;122;187;Tsushima;x
121;151;75;132;Nagasaki;x
122;187;128;172;Goto;x
123;165;100;149;Shimabara;x
124;172;115;170;Kumamoto;x
125;191;133;186;Yatsushiro;x
126;174;102;172;Amakusa;x
127;111;49;120;Hyuga;x
128;65;14;72;Miyazaki;x
129;145;87;153;Kirishima;x
130;121;44;132;Satsuma;x
131;180;126;188;Osumi;x
132;166;121;172;Tanegashima;x
133;208;132;184;Amami;x
134;179;91;151;Okinawa;x
135;237;62;220;Miyae;x
136;214;0;0;Ha Noi;x
137;197;0;0;Vinh Phuc;x
138;225;51;25;Bac Ninh;x
139;255;17;39;Hung Yen;x
140;223;62;43;Hai Phong;x
141;209;17;24;Hai Duong;x
142;165;0;0;Thai Binh;x
143;224;60;32;Nam Dhinh;x
144;255;0;0;Ha Nam;x
145;234;41;18;Ninh Binh;x
146;227;45;24;Quang Ninh;x
147;255;75;0;Lang Son;x
148;206;53;0;Bac Giang;x
149;255;182;0;Ha Giang;x
150;255;138;0;Cao Bang;x
151;255;121;0;Bac Kan;x
152;255;155;0;Phu Tho;x
153;255;192;0;Tuyen Quang;x
154;255;56;0;Thai Nguyen;x
155;253;216;0;Son La;x
156;240;235;92;Hoa Binh;x
157;255;255;0;Dhien Bien;x
158;250;231;95;Yen Bai;x
159;220;231;58;Lai Chau;x
160;250;231;0;Lao Cai;x
161;51;211;114;Hue;x
162;135;179;130;Quang Binh;x
163;51;192;78;Quang Tri;x
164;0;185;0;Thanh Hoa;x
165;89;183;71;Nghe An;x
166;64;105;61;Ha Tinh;x
167;51;255;255;Dha Nang;x
168;51;226;197;Quang Nam;x
169;0;228;255;Quang Ngai;x
170;51;219;216;Binh Dhinh;x
171;86;206;233;Ninh Thuan;x
172;86;146;197;Binh Thuan;x
173;51;177;216;Phu Yen;x
174;86;155;243;Khanh Hoa;x
175;0;68;255;Gia Lai;x
176;0;97;255;Kon Tum;x
177;0;107;255;Dhak Lak;x
178;32;66;250;Dhak Nong;x
179;32;100;255;Lam Dhong;x
180;119;0;170;Sai Gon;x
181;182;0;236;Dhong Nai;x
182;141;0;236;Phuoc Tuy;x
183;119;0;202;Tay Ninh;x
184;153;0;223;Binh Phuoc;x
185;153;0;177;Binh Duong;x
186;240;61;114;Dhong Thap;x
187;209;28;138;Long An;x
188;240;61;197;Tien Giang;x
189;223;0;199;Ben Tre;x
190;255;54;117;Soc Trang;x
191;223;0;255;Vinh Long;x
192;255;0;148;Tra Vinh;x
193;255;0;255;Can Tho;x
194;223;61;177;An Giang;x
195;255;54;216;Hau Giang;x
196;240;61;226;Sa Dhec;x
197;228;28;192;Kien Giang;x
198;231;0;129;Ca Mau;x
199;255;54;151;Bac Lieu;x
200;72;250;133;Cavite;x
201;9;171;65;Batangas;x
202;120;187;143;Manila;x
203;59;191;104;Laguna;x
204;2;241;83;Rizal;x
205;189;206;14;Tayabas;x
206;167;181;95;Polillo;x
207;156;167;34;Quezon;x
208;54;133;85;Camarines Norte;x
209;183;183;20;Oriental Mindoro;x
210;214;214;0;Occidental Mindoro;x
211;232;232;5;Romblon;x
212;177;209;57;Marinduque;x
213;146;10;10;Benguet;x
214;115;41;41;Kalinga;x
215;135;94;94;Mt. Province;x
216;118;77;77;Ifugao;x
217;255;168;168;La Union;x
218;170;97;97;Ilocos Sur;x
219;149;36;36;Ilocos Norte;x
220;143;58;58;Abra;x
221;113;48;48;Pampanga;x
222;226;130;130;Tarlac;x
223;202;37;37;Bulacan;x
224;202;0;0;Bataan;x
225;192;91;91;Zambales;x
226;151;19;19;Nueva Ecija;x
227;86;14;14;Pangasinan;x
228;245;76;76;Nueva Vizcaya;x
229;197;94;94;Aurora;x
230;158;18;18;Quirino;x
231;224;107;107;Cagayan;x
232;220;16;16;Isabela;x
233;243;51;51;Apayao;x
234;160;65;65;Batanes;x
235;191;184;77;Cebu;x
236;228;216;32;Bohol;x
237;0;224;86;Samar;x
238;14;193;161;Northern Samar;x
239;1;174;174;Eastern Samar;x
240;0;187;71;Leyte;x
241;24;210;154;Southern Leyte;x
242;101;168;127;Camarines Sur;x
243;84;194;127;Albay;x
244;89;233;145;Masbate;x
245;36;228;17;Catanduanes;x
246;187;187;45;Iloilo;x
247;247;198;43;Aklan;x
248;218;145;45;Capiz;x
249;243;243;119;Antique;x
250;203;192;10;Negros Occidental;x
251;220;208;0;Negros Oriental;x
252;135;135;59;Puerto Princesa;x
253;243;243;39;Taytay;x
254;247;247;96;Narra;x
255;237;237;133;Coron;x
256;80;184;109;Davao;x
257;63;146;86;Davao del Norte;x
258;139;225;163;Davao del Sur;x
259;26;152;8;Mati;x
260;3;198;56;Baganga;x
261;61;232;107;Davao de Oro;x
262;100;132;249;General Santos;x
263;63;246;113;Davao Occidental;x
264;36;75;216;Glan;x
265;41;81;225;Kiamba;x
266;26;73;254;Koronadal;x
267;0;86;23;San Francisco;x
268;20;233;78;Bayugan;x
269;38;166;87;Butuan;x
270;104;255;162;Surigao del Norte;x
271;17;209;90;Surigao del Sur;x
272;1;125;48;Cabadbaran;x
273;41;85;247;Zamboanga;x
274;17;61;224;Zamboanga Sibugay;x
275;97;123;219;Zamboanga del Sur;x
276;42;71;179;Misamis Occidental;x
277;106;74;251;Dipolog;x
278;61;22;236;Sindangan;x
279;105;86;192;Labason;x
280;115;143;249;Siocon;x
281;0;29;134;Lanao del Norte;x
282;135;155;228;Lanao del Sur;x
283;119;136;197;Malaybalay;x
284;174;189;242;Valencia;x
285;79;90;130;Iligan;x
286;143;237;179;Misamis Oriental;x
287;12;43;160;Cotabato;x
288;56;87;207;Maguindanao;x
289;66;89;170;Sultan Kudarat;x
290;82;117;249;Kidapawan;x
291;109;124;180;Sulu;x
292;54;72;135;Basilan;x
293;145;169;255;Tawi-Tawi;x
294;220;119;195;Nakhon Viangchan;x
295;236;135;211;Khwaeng Viangchan;x
296;212;145;195;Sainyabuli;x
297;195;116;176;Xaisomboun;x
298;174;110;176;Xiangkhouang;x
299;151;98;153;Luang Prabang;x
300;148;111;156;Oudomxay;x
301;175;89;179;Houaphan;x
302;170;131;172;Phongsali;x
303;135;95;137;Luang Namtha;x
304;176;138;184;Bokeo;x
305;170;122;176;Khammouane;x
306;199;122;202;Bolikhamsai;x
307;156;123;187;Savannakhet;x
308;198;80;163;Champasak;x
309;136;89;180;Pakse;x
310;104;78;131;Attapeu;x
311;121;78;162;Sekong;x
312;141;117;164;Salavan;x
313;185;208;147;Phnom Penh;x
314;163;183;130;South Kandal;x
315;158;167;144;Prey Veng;x
316;148;152;99;Sway Rieng;x
317;114;118;96;Tbong Khmum;x
318;125;124;89;Kampong Speu;x
319;136;135;90;Koh Kong;x
320;157;155;65;Kampong Som;x
321;173;171;88;Kampot;x
322;111;110;62;Takeo;x
323;84;83;41;Phu Quoc;x
324;121;125;89;Kratie;x
325;159;165;115;Stung Treng;x
326;144;161;95;Mondulkiri;x
327;144;155;113;Ratanakiri;x
328;227;237;152;Siem Reap;x
329;203;212;138;Preah Vihear;x
330;200;214;97;Oddar Meanchey;x
331;192;202;120;Banteay Meanchey;x
332;213;228;100;Battambang;x
333;166;161;116;Pursat;x
334;129;134;90;Kampong Thom;x
335;145;151;98;Kampong Chhang;x
336;153;173;66;Kampong Cham;x
337;255;162;75;Kuala Lumpur;x
338;236;130;31;Klang;x
339;238;140;48;Sepang;x
340;240;158;83;Kuala Selangor;x
341;242;170;106;Sabak Bernam;x
342;241;164;94;Hulu Selangor;x
343;218;146;65;Kinta;x
344;210;137;63;Batang Padang;x
345;213;150;73;Hilir Perak;x
346;224;139;52;Manjung;x
347;109;27;79;Johor Bahru;x
348;113;32;83;Kota Tinggi;x
349;116;38;88;Mersing;x
350;123;49;96;Kulai;x
351;142;78;118;Batu Pahat;x
352;131;61;105;Kluang;x
353;156;63;121;Muar;x
354;138;75;88;Melaka;x
355;135;69;93;Alor Gajah;x
356;137;61;82;Seremban;x
357;134;63;93;Kuala Pilah;x
358;129;50;84;Tampin;x
359;107;50;85;Batam;x
360;114;51;86;Lingga;x
361;101;60;109;Kepulauan Anambas;x
362;110;63;78;Natuna;x
363;115;182;111;George Town;x
364;94;174;97;Seberang Perai;x
365;99;161;80;Taiping;x
366;105;153;78;Kuala Kangsar;x
367;106;172;84;Kota Setar;x
368;110;171;79;Kuala Muda;x
369;117;168;69;Baling;x
370;127;165;56;Kubang Pasu;x
371;101;168;87;Perlis;x
372;95;156;98;Langkawi;x
373;206;124;120;Kota Bharu;x
374;219;143;152;Bachok;x
375;206;143;120;Tanah Merah;x
376;238;143;145;Gua Musang;x
377;217;140;130;Raub;x
378;210;140;132;Bentong;x
379;193;143;139;Maran;x
380;202;141;135;Jerantut;x
381;201;142;136;Kuantan;x
382;198;142;137;Pekan;x
383;204;141;135;Rompin;x
384;232;146;136;Kuala Terengganu;x
385;215;124;117;Besut;x
386;217;122;128;Kuala Nerus;x
387;224;146;143;Dungun;x
388;223;140;140;Kemaman;x
389;237;36;54;Singapore;x
390;92;198;142;Banyuasin;x
391;56;186;115;Musi Banyuasin;x
392;68;179;122;Musi Rawas;x
393;60;186;109;Muara Enim;x
394;37;175;123;Ogan Komering Ilir;x
395;55;187;119;Ogan Komering Ulu;x
396;39;172;127;Bengkulu;x
397;24;151;135;Seluma;x
398;51;169;120;Lahat;x
399;90;187;114;Lampung;x
400;34;209;119;Lampung Utara;x
401;71;186;143;Tulang Bawang;x
402;67;191;126;Lampung Barat;x
403;40;173;145;Pangkal Pinang;x
404;33;165;145;Bangka Selatan;x
405;33;180;161;Belitung;x
406;183;69;50;Banda Aceh;x
407;187;70;44;Bireuen;x
408;197;73;34;Aceh Timur;x
409;193;71;39;Aceh Tengah;x
410;216;77;13;Subulussalam;x
411;204;74;26;Aceh Barat;x
412;211;76;18;Nagan Raya;x
413;221;78;8;Simeulue;x
414;162;69;52;Medan;x
415;167;74;48;Simalungun;x
416;172;79;45;Asahan;x
417;181;70;29;Tapanuli;x
418;182;69;27;Karo;x
419;185;65;21;Nias;x
420;137;189;70;Siak;x
421;151;183;64;Bengkalis;x
422;141;188;68;Meranti;x
423;145;186;67;Kampar;x
424;133;187;79;Labuhanbatu;x
425;128;187;85;Padang Lawas;x
426;130;188;72;Mandailing Natal;x
427;136;177;70;Rokan Hilir;x
428;137;180;71;Rokan Hulu;x
429;134;172;70;Dumai;x
430;129;191;72;Indragiri Hilir;x
431;127;193;74;Indragiri Hulu;x
432;123;196;79;Pelalawan;x
433;124;196;78;Kuantan Singingi;x
434;113;176;72;Padang;x
435;117;179;71;Agam;x
436;118;179;71;Pesisir Selatan;x
437;115;177;72;Sijunjung;x
438;118;180;71;Mentawai;x
439;133;201;88;Muaro Jambi;x
440;132;199;85;Tanjung Jabung;x
441;133;202;89;Tebo;x
442;114;178;78;Sungai Penuh;x
443;114;179;83;Merangin;x
444;119;173;64;Mukomuko;x
445;0;86;141;Jakarta;x
446;0;100;142;Serang;x
447;22;107;133;Lebak;x
448;39;92;125;Bandung;x
449;36;102;119;Tasikmalaya;x
450;25;89;128;Sukabumi;x
451;21;102;122;Karawang;x
452;49;100;109;Cirebon;x
453;92;18;39;Yogyakarta;x
454;106;26;44;Magelang;x
455;102;27;51;Cilacap;x
456;100;28;45;Semarang;x
457;93;22;41;Pekalongan;x
458;99;17;39;Tegal;x
459;97;23;43;Surakarta;x
460;102;19;41;Grobogan;x
461;109;25;47;Blora;x
462;5;173;227;Surabaya;x
463;5;174;215;Bojonegoro;x
464;5;162;200;Madura;x
465;8;178;228;Madiun;x
466;13;150;187;Kangean;x
467;22;176;208;Malang;x
468;5;161;199;Ponorogo;x
469;25;171;179;Kediri;x
470;17;169;210;Probolinggo;x
471;62;185;176;Bondowoso;x
472;43;172;182;Jember;x
473;15;178;212;Banyuwangi;x
474;243;204;28;Makassar;x
475;206;197;66;Bone;x
476;243;212;72;Bulukumba;x
477;248;237;17;Selayar;x
478;213;224;24;Pinrang;x
479;207;217;41;Pangkajene;x
480;232;190;24;Wajo;x
481;217;176;33;Tana Toraja;x
482;217;137;33;Mamuju;x
483;200;158;33;Polewali Mandar;x
484;198;138;58;Mamasa;x
485;229;162;56;Mamuju Tengah;x
486;210;145;54;Pasangkayu;x
487;243;228;11;Luwu;x
488;247;234;12;Lutim;x
489;243;220;28;Lutra;x
490;185;29;50;Minahasa;x
491;171;39;59;Minahasa Selatan;x
492;140;52;86;Sangihe-Sitaro;x
493;146;52;89;Talaud;x
494;132;57;94;Kotamobagu;x
495;132;41;87;Boroko;x
496;132;49;86;Molibagu;x
497;166;57;84;Gorontalo;x
498;169;55;129;Bone Bolango;x
499;148;58;100;Kwandang;x
500;136;60;103;Boalemo;x
501;162;48;106;Pohuwato;x
502;124;62;101;Moutong;x
503;145;61;111;Donggala Utara;x
504;117;60;98;Buol;x
505;138;60;95;Tolitoli;x
506;130;43;85;Palu;x
507;156;61;106;Parigi;x
508;150;37;95;Donggala;x
509;135;38;99;Sigi;x
510;127;50;88;Poso;x
511;77;159;228;Kendari;x
512;90;119;149;Konawe;x
513;88;156;213;Wanggudu;x
514;72;155;224;Wawonii;x
515;74;85;196;Buton;x
516;80;91;192;Muna;x
517;48;109;169;Kabaena;x
518;84;109;192;Wakatobi;x
519;46;137;203;Banggai;x
520;26;142;212;Bualemo;x
521;110;160;210;Tojo;x
522;108;149;201;Togean;x
523;87;142;187;Kepulauan Banggai;x
524;53;134;196;Morowali;x
525;95;118;160;Malili;x
526;110;134;165;Bungku Utara;x
527;58;112;158;Kolonodale;x
528;71;149;216;Kolaka;x
529;70;114;208;Lasasua;x
530;58;111;170;Bombana;x
531;247;214;66;Ternate-Tidore;x
532;224;170;64;Jailolo;x
533;212;180;78;Tobelo;x
534;202;151;63;Maba;x
535;187;161;69;Morotai;x
536;212;153;63;Sofifi;x
537;225;167;46;Weda;x
538;206;125;41;Gane;x
539;212;140;46;Bacan;x
540;151;113;43;Sanana;x
541;159;120;45;Mangoli;x
542;194;160;50;Taliabu;x
543;192;153;76;Obi;x
544;177;126;41;Buru;x
545;183;148;65;Namrole;x
546;192;165;50;Ambon;x
547;219;182;41;Piru;x
548;177;154;47;Masohi;x
549;224;189;47;Bula;x
550;207;173;43;Kei;x
551;227;192;54;Aru;x
552;202;170;20;Banda;x
553;217;182;40;Gorom-Wakate;x
554;255;151;67;Mataram;x
555;243;155;60;Selong;x
556;209;161;95;Denpasar;x
557;204;154;93;Buleleng;x
558;239;151;61;Bima;x
559;242;172;57;Tambora;x
560;242;169;60;Sumbawa;x
561;251;180;70;Tambolaka;x
562;249;176;47;Waingapu;x
563;250;189;65;Komodo;x
564;249;183;33;Manggarai;x
565;249;198;67;Ngada;x
566;252;194;51;Ende;x
567;252;191;49;Sikka;x
568;242;194;68;Alor;x
569;250;182;51;Lembata;x
570;211;29;71;Dili;x
571;255;0;51;Baukau;x
572;222;22;53;Vikeke;x
573;210;40;60;Kovalima;x
574;218;25;60;Kupang;x
575;213;38;66;Soe;x
576;200;28;57;Oekusi;x
577;216;35;48;Rote;x
578;218;37;29;Sabu;x
579;220;22;49;Tanimbar;x
580;224;14;36;Wetar;x
581;72;172;163;Mempawah;x
582;83;180;206;Kubu Raya;x
583;91;174;166;Landak;x
584;72;173;164;Sanggau;x
585;81;156;147;Seribu Kuil;x
586;82;159;140;Sambas;x
587;90;171;137;Ketapang;x
588;71;162;165;Kayong Utara;x
589;91;171;155;Hulu Aik;x
590;59;162;170;Sintang;x
591;51;160;178;Melawi;x
592;68;164;163;Ketungau;x
593;60;161;170;Sekadau;x
594;76;151;141;Kapuas Hulu;x
595;68;164;131;Sampit;x
596;91;151;155;Seruyan;x
597;73;164;132;Pangkalan Bun;x
598;80;153;145;Sukamara;x
599;95;177;176;Lamandau;x
600;157;126;27;Seribu Sungai;x
601;167;122;8;Barito Kuala;x
602;145;144;3;Tapin;x
603;146;130;31;Tanah Laut;x
604;237;175;68;Bandar Brunei;x
605;247;177;64;Temburong;x
606;66;209;66;Kuching;x
607;108;226;108;Lundu;x
608;103;224;103;Samarahan;x
609;58;178;62;Serian;x
610;53;168;55;Sri Aman;x
611;75;193;79;Betong;x
612;101;216;103;Lubok Antu;x
613;112;234;112;Sarikei;x
614;93;175;94;Sibu;x
615;93;159;88;Selangau;x
616;65;186;69;Mukah;x
617;67;178;69;Dalat;x
618;86;221;86;Daro;x
619;66;177;71;Kapit;x
620;69;193;73;Song;x
621;105;219;107;Bintulu;x
622;91;191;93;Tatau;x
623;60;187;66;Miri;x
624;61;206;64;Marudi;x
625;66;223;66;Beluru;x
626;131;188;107;Limbang;x
627;101;198;101;Lawas;x
628;80;58;162;Kota Kinabalu;x
629;107;86;164;Ranau;x
630;53;48;160;Kota Marudu;x
631;66;62;173;Kudat;x
632;71;98;158;Sandakan;x
633;59;42;160;Kinabatangan;x
634;107;109;164;Beluran;x
635;62;57;160;Tongod;x
636;57;83;160;Keningau;x
637;62;92;160;Beaufort;x
638;64;103;162;Nabawan;x
639;82;77;183;Tawau;x
640;53;33;137;Lahad Datu;x
641;100;95;198;Semporna;x
642;185;205;185;Labuan;x
643;212;30;36;Vladivostok;x
644;157;21;27;Nadezhdinsky;x
645;124;16;21;Khasansky;x
646;201;38;2;Shkotovsky;x
647;185;40;23;Partizansky;x
648;220;48;27;Partizansk;x
649;190;26;32;Ussuriysk;x
650;242;53;30;Oktyabrsky;x
651;233;34;15;Mikhaylovsky;x
652;195;42;24;Anuchinsky;x
653;194;42;24;Progranichny;x
654;211;29;11;Khorolsky;x
655;154;20;25;Chernigovsky;x
656;232;50;28;Khankaysky;x
657;113;24;14;Spassky;x
658;233;51;30;Lazovsky;x
659;132;18;0;Olginsky;x
660;158;21;0;Kavalerovsky;x
661;198;27;0;Chuguyevsky;x
662;224;48;29;Arsenyevsky;x
663;202;32;2;Kirovsky;x
664;255;38;0;Dalnegorsk;x
665;240;44;0;Terneysky;x
666;215;30;0;Lezozavodsk;x
667;174;22;0;Dalnerachensky;x
668;211;29;0;Krasnoarmeysky;x
669;180;33;0;Pozharsky;x
670;156;137;80;Massim Islands;x
671;114;88;10;Milne Bay;x
672;217;182;77;Port Moresby;x
673;149;124;48;Goilala;x
674;180;131;62;Rigo;x
675;209;183;103;Oro;x
676;243;171;28;Kerema;x
677;225;198;146;Kikori;x
678;168;111;54;Lae;x
679;149;88;24;Bulolo;x
680;132;104;75;Markham;x
681;186;132;43;Finschhafen;x
682;163;123;44;Madang;x
683;114;89;40;Rai Coast;x
684;107;66;13;Sumkar;x
685;190;128;47;Wewak;x
686;211;177;0;Chambri;x
687;170;155;73;Sandaun;x
688;131;105;56;Vanimo;x
689;231;165;93;Gloucester;x
690;183;49;17;Gazelle;x
691;183;123;17;New Ireland;x
692;167;152;79;Manus;x
693;196;159;85;Kainantu;x
694;127;89;13;Goroka;x
695;124;114;93;Chimbu;x
696;171;158;96;Jiwaka;x
697;169;110;45;Mount Hagen;x
698;73;58;27;Ialibu;x
699;204;165;89;Mendi;x
700;198;164;128;Wabag;x
701;196;123;43;Lagaip-Porgera;x
702;57;37;15;Hela;x
703;139;119;94;Raja Ampat;x
704;161;108;39;Sorong;x
705;201;157;100;Teminabuan;x
706;229;187;123;Maybrat;x
707;142;100;38;Manokwari;x
708;191;177;88;Fakfak;x
709;112;51;20;Bintuni;x
710;161;122;102;Kaimana;x
711;94;83;29;Wondama;x
712;233;150;44;Schouten;x
713;255;227;97;Yapen;x
714;105;143;90;Nabire;x
715;163;98;45;Deiyai-Dogiyai;x
716;135;85;9;Paniai;x
717;92;61;35;Mimika;x
718;78;121;62;Asmat;x
719;44;56;21;Mappi;x
720;145;177;85;Dolak;x
721;77;72;28;Merauke;x
722;159;132;79;Fly;x
723;120;95;3;Sarmi;x
724;180;163;98;Port Numbay;x
725;37;17;3;Keerom;x
726;252;146;45;Puncak;x
727;183;151;121;Nduga;x
728;101;102;39;Lanny Jaya;x
729;127;103;29;Jayawijaya;x
730;164;159;78;Tolikara;x
731;115;92;46;Yalimo;x
732;194;131;116;Yahukimo;x
733;64;53;50;Star Mountains;x
734;135;95;50;Ok Tedi;x
735;228;118;195;Rason;x
736;187;29;139;Kimchaek;x
737;76;15;58;Samjiyon;x
738;124;20;92;Hyesan;x
739;216;121;187;Tanchon;x
740;79;4;56;Sinpo;x
741;122;34;96;Hamhung;x
742;198;31;148;Wonsan;x
743;55;16;44;Kumgang;x
744;13;174;149;Kanggye;x
745;62;249;192;Huichon;x
746;120;211;197;Sinuiju;x
747;88;202;185;Chongju;x
748;8;59;51;Kaechon;x
749;13;93;81;Pyongsong;x
750;8;133;114;Nampo;x
751;93;171;159;Pyongyang;x
752;156;234;222;Sinpyong;x
753;9;116;99;Sariwon;x
754;45;223;196;Kaesong;x
755;27;178;155;Hwanghae;x
756;63;198;178;Haeju;x
757;120;192;113;Inchon;x
758;40;66;37;Seoul;x
759;60;216;45;Namyangju;x
760;73;206;59;Suwon;x
761;11;94;3;Gangwon;x
762;41;82;37;Wonju;x
763;95;197;85;Ulleung;x
764;11;50;7;Chungju;x
765;64;223;48;Chungcheong;x
766;52;158;41;Daejeon;x
767;44;93;39;Jeonju;x
768;37;205;19;Namwon;x
769;45;146;34;Gwangju;x
770;43;115;35;Mokpo;x
771;93;122;90;Jeju;x
772;168;225;162;Seogwipo;x
773;191;194;87;Yeongju;x
774;135;139;16;Taegu;x
775;232;234;140;Pusan;x
776;198;202;80;Ulsan;x
777;158;161;59;Jinju;x
778;248;247;66;Phra Nakhon;x
779;207;206;100;Samut Sakhon;x
780;191;190;108;Ratchaburi;x
781;223;222;147;Phetchaburi;x
782;183;179;135;Kanchanaburi;x
783;177;176;41;Prachuap Khiri Khan;x
784;242;203;41;Ayutthaya;x
785;179;167;93;Suphanburi;x
786;212;194;85;Nakhon Pathom;x
787;188;176;104;Pathum Thani;x
788;151;135;38;Uthai Thani;x
789;175;155;33;Chainat;x
790;156;129;17;Lopburi;x
791;215;177;14;Saraburi;x
792;75;129;106;Nakhon Nayok;x
793;233;210;115;Sing Buri;x
794;88;188;146;Prachinburi;x
795;117;194;148;Chachoengsao;x
796;89;183;144;Sa Kaeo;x
797;130;226;186;Pattaya;x
798;108;210;167;Chonburi;x
799;83;197;149;Rayong;x
800;104;223;173;Chanthaburi;x
801;96;193;152;Trat;x
802;133;210;218;Surat Thani;x
803;133;193;200;Ko Samui;x
804;185;241;247;Chumphon;x
805;101;157;163;Phuket;x
806;117;196;204;Krabi;x
807;165;194;197;Phang Nga;x
808;98;129;184;Pattani;x
809;81;112;155;Yala;x
810;66;100;163;Narathiwat;x
811;89;119;173;Songkhla;x
812;142;168;213;Satun;x
813;134;203;211;Nakhon Sri Thammarat;x
814;123;180;186;Phatthalung;x
815;98;188;197;Trang;x
816;212;153;132;Mueang Korat;x
817;185;129;110;Buriram;x
818;159;103;84;Surin;x
819;159;101;98;Ubon Ratchathani;x
820;120;83;71;Si Saket;x
821;173;98;72;Yasothon;x
822;182;95;64;Khon Kaen;x
823;188;118;93;Chaiyaphum;x
824;174;108;86;Maha Sarakham;x
825;187;121;99;Roi Et;x
826;172;100;76;Kalasin;x
827;208;126;97;Udon Thani;x
828;222;171;125;Nong Khai;x
829;214;100;60;Loei;x
830;202;143;90;Sakon Nakhon;x
831;190;110;83;Nakhon Phanom;x
832;151;88;217;Sukhothai;x
833;114;103;167;Nakhon Sawan;x
834;182;173;224;Kamphaeng Phet;x
835;150;142;195;Phitsanulok;x
836;97;76;197;Phetchabun;x
837;130;117;192;Phichit;x
838;226;0;255;Chiang Mai;x
839;193;38;213;Chiang Rai;x
840;161;91;170;Mae Hong Son;x
841;184;123;192;Tak;x
842;182;80;194;Lampang;x
843;169;21;188;Lamphun;x
844;215;105;231;Phayao;x
845;196;143;203;Phrae;x
846;212;16;237;Nan;x
847;162;80;173;Uttaradit;x
848;97;83;81;Changchun;x
849;160;120;114;Dehui;x
850;193;123;114;Yushu;x
851;160;72;64;Ningjiang;x
852;135;62;54;Qian Gorlos;x
853;145;46;33;Changling;x
854;119;55;47;Baicheng;x
855;126;43;32;Jilin;x
856;237;125;127;Jiaohe;x
857;237;188;181;Panshi;x
858;188;103;92;Yanji;x
859;215;92;76;Wangqing;x
860;238;102;84;Dunhua;x
861;255;142;127;Changbai;x
862;196;107;98;Hunjiang;x
863;224;117;103;Jiangyuan;x
864;215;153;145;Tonghua;x
865;234;79;79;Meihekou;x
866;237;28;0;Liaoyuan;x
867;236;61;38;Siping;x
868;234;75;53;Yitong;x
869;218;96;224;Shenyang;x
870;255;112;236;Xinmin;x
871;221;70;211;Tiexi;x
872;255;191;247;Faku;x
873;255;136;236;Tieling;x
874;135;98;130;Xifeng;x
875;211;74;195;Chaoyang;x
876;241;125;226;Lingyuan;x
877;211;88;166;Huludao;x
878;239;110;190;Suizhoung;x
879;174;139;169;Dalian;x
880;153;79;145;Zhuanghe;x
881;142;104;137;Pulandian;x
882;173;116;165;Wafangdian;x
883;213;144;204;Shuncheng;x
884;181;130;174;Fushun County;x
885;211;112;200;Benxi;x
886;124;67;101;Huanren;x
887;158;112;151;Dandong;x
888;104;84;101;Fengcheng;x
889;127;93;122;Kuandian;x
890;96;45;91;North Liaoyang;x
891;244;195;238;South Liaoyang;x
892;119;93;116;Anshan;x
893;92;65;88;Xiuyan;x
894;112;52;104;Jinzhou;x
895;124;81;118;Fuxin;x
896;196;86;183;Heishan;x
897;183;143;178;Yingkou;x
898;227;192;223;Panjin;x
899;152;118;148;Bayuquan;x
900;16;77;16;Kawthaung;x
901;61;114;61;Myeik;x
902;0;116;0;Dawei;x
903;210;255;180;Mawlamyine;x
904;170;222;136;Thanton;x
905;117;171;124;Kawkereik;x
906;105;159;112;Hpa-An;x
907;110;174;119;Myawaddy;x
908;105;159;112;Hpapun;x
909;117;164;124;Bawgli;x
910;45;70;45;Twante;x
911;48;85;48;East Yangon;x
912;67;100;67;West Yangon;x
913;28;47;28;Hlaingthaya;x
914;23;88;23;Bago;x
915;9;65;9;Taungoo;x
916;23;99;23;Pyay;x
917;28;95;28;Thayarwaddy;x
918;111;174;111;Pathien;x
919;30;111;30;Pyapon;x
920;48;138;48;Myuangmya;x
921;95;184;95;Maubin;x
922;92;183;92;Hinthada;x
923;128;229;220;Taunggyi;x
924;2;107;104;Hsi Hseng;x
925;5;108;106;Lawksauk;x
926;0;251;255;Kalaw;x
927;53;213;221;Kengtung;x
928;5;106;105;Mong Hpayak;x
929;53;216;220;Tachileik;x
930;1;255;253;Mong Hsat;x
931;7;74;61;Lashio;x
932;5;124;105;Hopang;x
933;4;250;255;Kyaukme;x
934;1;29;28;Tangyan;x
935;1;124;105;Mu Se;x
936;1;250;254;Laukkaing;x
937;51;216;218;Loikaw;x
938;60;220;222;Bawlakhe;x
939;177;95;84;Thandwe;x
940;231;169;160;Kyaukpyu;x
941;172;60;45;Mrauk-U;x
942;164;60;41;Sittwe;x
943;99;0;222;Pyin U Lwin;x
944;79;8;166;Mandalay;x
945;105;12;221;Kyaukse;x
946;77;5;164;Myingyan;x
947;99;0;221;Nyaung-U;x
948;91;85;216;Meiktila;x
949;94;0;219;Yamethin;x
950;79;5;155;Pyinmana;x
951;68;56;157;Myede;x
952;27;5;152;Magwe;x
953;31;5;150;Thayet;x
954;65;53;156;Minbu;x
955;25;5;155;Pakokku;x
956;80;94;183;Mindat;x
957;127;139;208;Hakha;x
958;144;153;213;Falam;x
959;0;3;255;Zeyapura;x
960;4;24;154;Monywa;x
961;0;3;153;Shwebo;x
962;4;24;153;Kanbalu;x
963;5;5;252;Yinmabin;x
964;6;7;245;Katha;x
965;102;103;253;Kale;x
966;11;6;245;Tamu;x
967;6;30;150;Myawlaik;x
968;100;103;253;Hkamti;x
969;57;61;232;Mohnyin;x
970;100;103;250;Bhamo;x
971;9;33;147;Myitkyina;x
972;101;105;250;Puta-O;x
973;0;41;123;Guam;x
974;0;113;188;Northern Mariana;x
975;12;54;139;Palau;x
976;16;55;133;Yap State;x
977;255;93;61;South Andaman;x
978;255;89;56;North Andaman;x
979;255;110;81;Middle Andaman;x
980;232;93;28;Little Andaman;x
981;224;100;76;Havelock Island;x
982;229;107;82;Nicobar;x
983;123;35;80;Guangzhou;x
984;171;73;124;Panyu;x
985;123;30;78;Nansha;x
986;159;86;124;Foshan;x
987;219;23;125;Gaoming;x
988;212;173;193;Sanshui;x
989;177;0;92;Macau;x
990;152;42;99;Zhuhai;x
991;95;70;83;Hongqizhen;x
992;155;80;119;Zhanjiang;x
993;124;102;113;Suixi;x
994;164;119;142;Leizhou;x
995;92;71;82;Mazhang;x
996;239;153;197;Xuwen;x
997;112;31;73;Maoming;x
998;255;79;170;Xinyi;x
999;227;35;134;Huazhou;x
1000;155;58;108;Yangjiang;x
1001;255;122;191;Yangxi;x
1002;121;62;92;Hailing;x
1003;253;206;231;Yunfu;x
1004;248;111;182;Yuaan District;x
1005;150;98;125;Jiangmen;x
1006;177;70;125;Taishan;x
1007;220;5;116;Guanghai;x
1008;231;174;203;Enping;x
1009;77;29;54;Chuanshan;x
1010;40;6;23;Zhaoqing;x
1011;62;25;44;Xinqiao;x
1012;142;77;111;Baituzhen;x
1013;107;52;81;Hong Kong;x
1014;208;110;161;Sai Kung;x
1015;219;179;200;Lantau;x
1016;237;28;36;Haikou;x
1017;201;16;26;Danzhou;x
1018;238;62;70;Sanya;x
1019;242;94;101;Dongfang;x
1020;120;10;15;Wanning;x
1021;113;210;222;Nanning;x
1022;21;132;145;Chongzuo;x
1023;15;216;240;Fusui;x
1024;24;177;197;Binyang;x
1025;75;190;245;Fangcheng;x
1026;73;175;224;Dongxing;x
1027;108;239;255;Baise;x
1028;34;101;109;Tianlin;x
1029;0;80;90;Jingxi;x
1030;13;65;71;Qinzhou;x
1031;32;105;114;Beihai;x
1032;43;162;176;Yuzhou;x
1033;111;218;231;Fumian;x
1034;11;220;245;Rong;x
1035;127;198;137;Kunming;x
1036;225;234;226;Qujing;x
1037;37;97;45;Shizong;x
1038;76;133;84;Xuanwei;x
1039;49;66;51;Malong;x
1040;136;162;140;Fuyuan;x
1041;68;138;78;Dali;x
1042;110;150;116;Chuxiong;x
1043;221;243;224;Lincang;x
1044;36;128;49;Baoshan;x
1045;187;201;189;Dehong;x
1046;122;193;132;Lijiang;x
1047;196;239;202;Jinghong;x
1048;5;25;8;Mengla;x
1049;165;166;165;Simao;x
1050;34;68;39;Jinggu;x
1051;97;106;99;Jingdong;x
1052;110;116;111;Lancang;x
1053;48;94;54;Wenshan;x
1054;112;135;115;Guangnan;x
1055;45;80;50;Funing;x
1056;84;97;86;Maguan;x
1057;125;147;128;Mengzi;x
1058;173;212;178;Yuanjiang;x
1059;155;198;161;Mile;x
1060;122;138;124;Shiping;x
1061;143;186;149;Jianshui;x
1062;128;171;134;Yuxi;x
1063;52;73;55;Xinping;x
1064;157;176;159;Yuanyang;x
1065;125;128;126;Zhaoyang;x
1066;91;154;100;Shuifu;x
1067;16;12;12;Umphang;x
1068;60;34;34;Hidaka Mountains;x
1069;1;1;1;Annamite Range;x
1070;2;2;2;Annamite Range #2;x
1071;3;3;3;Annamite Range #3;x
1072;4;4;4;Annamite Range #4;x
1073;5;5;5;New Britian;x
1074;6;6;6;Owen Stanley Range;x
1075;7;7;7;Oriomo Plateau;x
1076;8;8;8;Bismark Range;x
1077;9;9;9;Bismark Range #2;x
1078;10;10;10;Bismark Range #3;x
1079;11;11;11;Bismark Range #4;x
1080;12;12;12;Bismark Range #5;x
1081;13;13;13;Kakadu;x
1082;14;14;14;Kakadu #2;x
1083;15;15;15;Heartlands;x
1084;16;16;16;Bukit Barisan;x
1085;17;17;17;Bukit Barisan #2;x
1086;18;18;18;Bukit Barisan #3;x
1087;19;19;19;Banjaran Titiwangsa;x
1088;20;20;20;Banjaran Pantai Timur;x
1089;18;14;14;Khun Tan Range;x
1090;19;14;14;Luang Prabang Range;x
1091;20;17;17;Tenasserim Range;x
1092;168;51;162;Penang Strait;x
1093;150;104;146;Straits of Malacca;x
1094;222;105;212;Sibolga Bay;x
1095;102;13;94;Singapore Strait;x
1096;136;100;133;Natuna Sea;x
1097;171;109;168;Langkawi Strait;x
1098;137;63;131;Southeastern Malay Coast;x
1099;206;82;196;Eastern Malay Coast;x
1100;127;72;123;Sea of Aceh;x
1101;196;121;191;Simeulue Sea;x
1102;156;45;147;Riau Archipelago;x
1103;177;112;172;Karimata Strait;x
1104;185;105;179;Mentawai Islands;x
1105;150;92;146;Enggano Island;x
1106;170;55;162;Sunda Strait;x
1107;159;92;154;Java Sea;x
1108;190;92;183;South Java Coast;x
1109;134;58;128;Madura Strait;x
1110;155;91;150;Bali Strait;x
1111;206;117;200;East Java Coast;x
1112;118;30;110;Selayar Strait;x
1113;191;121;185;Strait of Makassar;x
1114;150;88;145;West Celebes Sea;x
1115;122;40;114;East Celebes Sea;x
1116;147;110;144;Davao Gulf;x
1117;131;87;127;North Maluku Sea;x
1118;173;81;165;Gulf of Tomini;x
1119;145;80;139;Gulf of Tolo;x
1120;184;93;176;Gulf of Boni;x
1121;149;89;144;Ternate-Tidore Strait;x
1122;166;64;158;Halmahera Sea;x
1123;178;82;169;Ceram Sea;x
1124;153;58;144;Banda Sea;x
1125;150;41;140;Berau Bay;x
1126;184;91;175;Arafura Sea;x
1127;180;63;169;Barat Daya Islands;x
1128;188;72;178;Strait of Alor;x
1129;170;61;161;Timor Sea;x
1130;187;106;180;Van Diemen Gulf;x
1131;116;72;112;Ha Tien Coast;x
1132;179;109;173;Mekong Delta;x
1133;162;80;155;Southern Annamese Coast;x
1134;184;97;177;Northern Annamese Coast;x
1135;154;66;147;Gulf of Tonkin;x
1136;136;93;132;Ha Long Bay;x
1137;126;97;124;Chhak Kampong Son;x
1138;141;73;138;Ao Krung Thep;x
1139;141;80;138;Prachuap Bay;x
1140;141;80;120;Sattahip Bay;x
1141;153;41;148;Chumphon Archipelago;x
1142;148;72;142;Kuril Sea;x
1143;204;133;198;Aniwa Gulf;x
1144;175;91;168;Strait of Soya;x
1145;151;67;144;Ishikari Bay;x
1146;153;96;148;Tsugaru Strait;x
1147;177;128;173;Uchiura Bay;x
1148;129;55;124;Cape Shirepa;x
1149;142;28;132;Iwate Sea;x
1150;195;153;192;Sendai Bay;x
1151;162;50;152;East Kanto Sea;x
1152;107;49;102;Tokyo Bay;x
1153;143;100;139;Izu Archipelago;x
1154;180;100;173;Izu Archipelago #2;x
1155;204;113;196;Ogasawara Islands;x
1156;164;121;161;Ise Bay;x
1157;182;93;175;Tosa Bay;x
1158;159;28;148;East Kyushu Coast;x
1159;127;85;124;Noma Cape;x
1160;118;73;114;Ryukyu Islands;x
1161;130;12;120;Yaeyama Islands;x
1162;170;69;162;Jeju Strait;x
1163;147;34;138;Tsushima Strait;x
1164;132;70;127;Shimane Peninsula;x
1165;111;21;104;Chikumi Bay;x
1166;122;78;119;Noto Peninsula;x
1167;144;28;134;Chubu Coast;x
1168;103;41;98;Nagakute Cape;x
1169;130;27;122;Seto Sea;x
1170;155;93;150;Hoyo Strait;x
1171;20;35;39;Srinagarind;x
1172;20;32;33;Cheow Lan Lake;x
1173;109;39;135;Phang Nga Bay;x
1174;79;28;97;Mergui Archipelago;x
1175;103;36;127;Tanintharyi Coast;x
1176;103;46;117;Gulf of Martaban;x
1177;121;64;135;Irrawaddy Delta;x
1178;105;37;153;North Rakhine coast;x
1179;72;28;103;South Rakhine coast;x
1180;68;50;109;Ganges Delta;x
1181;79;28;61;Andaman Islands;x
1182;117;34;110;Nicobar Islands;x
1183;174;51;162;Andaman Sea;x
1184;136;72;117;Andaman Sea #2;x
1185;137;81;106;Sarawak Coast;x
1186;137;56;91;Brunei Coast;x
1187;137;91;134;Sabah Sea;x
1188;68;9;109;Beibu Gulf;x
1189;109;34;110;West Guangdong Coast;x
1190;97;34;94;Pearl River Delta;x
1191;147;100;133;Qiongzhou Strait;x
1192;79;23;74;East Hainan Coast;x
1193;155;62;147;West Hainan Coast;x
1194;79;29;62;East Guangdong Coast;x
1195;50;41;85;Taiwan Strait;x
1196;90;41;75;West Taiwan Coast;x
1197;127;0;233;Sulu Sea;x
1198;151;45;197;Mindanao Sea;x
1199;176;109;205;Moro Gulf;x
1200;229;94;242;Panay Gulf;x
1201;172;92;166;Donghae;x
1202;150;92;166;Tongjoson Man;x
1203;140;92;166;Zaliv Petra Velikogo;x
1204;160;69;162;Sohae;x
1205;150;69;162;Seojoseonman;x
1206;129;28;139;Honda Bay;x
1207;38;146;142;Kalayaan Islands;x
1208;102;79;232;Mindoro Strait;x
1209;103;151;236;Verde Island Passage;x
1210;232;79;223;Manila Bay;x
1211;42;130;174;Subic Bay;x
1212;9;182;200;Lingayen Gulf;x
1213;77;218;179;Luzon Strait;x
1214;204;42;240;Baler Bay;x
1215;187;89;236;Lagonoy Gulf;x
1216;137;29;238;Sibuyan Sea;x
1217;249;23;112;Visayan Sea;x
1218;214;0;252;Bohol Sea;x
1219;25;226;246;Surigao Sea;x
1220;80;84;193;Palau Islands;x
1221;157;113;156;Cenderawasih Bay;x
1222;151;69;162;Bo Hai;x
1223;151;50;162;Taozi Bay;x
1224;177;76;188;Zhangjai Bay;x
1225;100;76;188;Haizhou Bay;x
1226;100;76;121;Funing Bay;x
1227;168;76;121;Wenzhou Bay;x
1228;193;83;137;Damu Ocean;x
1229;200;83;137;Hangzhou Bay;x
1230;200;60;137;Jiangshu Coast;x
1231;145;92;166;Zaliv Olgi;x
1232;156;67;144;Strait of Tartary;x
1233;156;55;144;Zaliv Akademii;x
1234;75;84;193;Colonia Island;x
1235;75;84;172;Mariana Islands;x
1236;75;84;160;Caroline Islands;x
1237;75;44;160;Asuncion Island;x
1238;148;60;142;Aniva Bay;x
1239;148;90;142;Krenitsyn Strait;x
1240;111;97;110;Mekong River;x
1241;183;87;175;Mekong River #2;x
1242;160;69;153;Mekong River #3;x
1243;130;52;124;Mekong River #4;x
1244;152;65;145;Mekong River #5;x
1245;128;56;122;Mekong River #6;x
1246;75;56;117;Irrawaddy River;x
1247;84;64;135;Irrawaddy River #2;x
1248;45;18;43;Irrawaddy River #3;x
1249;89;35;84;Irrawaddy River #4;x
1250;81;32;78;Irrawaddy River #5;x
1251;51;21;58;Irrawaddy River #6;x
1252;100;34;94;Xi;x
1253;110;34;94;Xi #2;x
1254;110;40;94;Xi #3;x
1255;140;40;90;Xi #4;x
1256;140;60;90;Xi #5;x
1257;210;83;137;Yangtze;x
1258;166;77;159;Tonle Sap;x
1259;208;68;197;Lake Shinji;x
1260;224;73;212;Nakaumi;x
1261;231;122;223;Lake Biwa;x
1262;206;122;200;Lake Inawashiro;x
1263;177;90;170;Lake Tazawa;x
1264;154;62;147;Lake Towada;x
1265;144;32;135;Lake Ogawara;x
1266;117;23;109;Lake Toya;x
1267;120;45;114;Lake Shikotsu;x
1268;122;74;118;Lake Kussharo;x
1269;146;100;142;Lake Mashu;x
1270;181;138;178;Lake Abashiri;x
1271;250;250;250;Indian Ocean;x
1272;251;251;251;The Great Southern Sea;x
1273;252;252;252;Yellow Sea;x
1274;253;253;253;Dong Hai;x
1275;254;254;254;Eastern Sea;x
1276;250;251;250;Phillipine Sea;x
1277;250;251;251;Sea of Okhotsk;x
1278;219;132;155;Chattogram;x
1279;249;143;170;Bandarban;x
1280;93;248;166;Agartala;x
1281;92;230;166;Dharmanagar;x
1282;92;248;166;Aizawl;x
1283;93;230;166;Lunglei;x
1284;109;255;178;Imphal;x
1285;137;215;174;Churachandpur;x
1286;70;227;142;Kohima;x
1287;87;224;109;Mon;x
1288;126;253;210;Kurung Kumey;x
1289;43;241;173;Kameng;x
1290;71;142;118;Subansari;x
1291;16;112;79;Siang;x
1292;5;90;61;Chapakhowa;x
1293;217;255;242;Dibang;x
1294;86;106;99;Anjaw;x
1295;154;189;177;Changlang;x
1296;69;104;92;Tirap;x
1297;183;184;121;Thimphu;x
1298;232;234;25;Paro;x
1299;127;128;49;Gasa;x
1300;91;92;0;Bumthang;x
1301;200;200;172;Trongsa;x
1302;254;255;23;Trashigang;x
1303;236;237;115;Sarpang;x
1304;195;194;102;Urumchi;x
1305;177;175;0;Tianshan;x
1306;124;123;23;Fukang;x
1307;193;192;66;Changji;x
1308;244;242;83;Qitai;x
1309;243;242;138;Tacheng;x
1310;167;166;40;Usu;x
1311;175;175;89;Hoboksar;x
1312;255;253;54;Shawan;x
1313;246;244;44;Botala;x
1314;107;106;10;Karamay;x
1315;188;186;40;Kuytun;x
1316;244;242;69;Altay;x
1317;255;252;3;Fuyun;x
1318;255;253;111;Turpan;x
1319;244;243;151;Hami;x
1320;198;197;87;Yining;x
1321;255;253;121;Xinyuan;x
1322;232;230;89;Gongliu;x
1323;201;199;47;Huocheng;x
1324;136;255;100;Hetian;x
1325;141;213;119;Cele;x
1326;192;253;174;Korla;x
1327;146;189;133;Yanqi;x
1328;97;147;82;Yuli;x
1329;82;248;31;Ruoqiang;x
1330;108;159;92;Qiemo;x
1331;62;186;24;Kashi;x
1332;142;239;112;Bachu;x
1333;121;243;83;Zepu;x
1334;60;254;2;Artux;x
1335;77;152;54;Akto;x
1336;131;255;93;Wenu;x
1337;72;189;36;Kuqa;x
1338;220;255;209;Aksu;x
1339;150;98;134;Lanzhou;x
1340;162;116;147;Xigu;x
1341;195;59;152;Baiyin;x
1342;251;122;210;Linxia;x
1343;249;85;197;Gannan;x
1344;147;0;100;Lintan;x
1345;241;138;208;Zhouqu;x
1346;253;187;232;Longnan;x
1347;244;59;185;Tianshu;x
1348;220;105;184;Dingxi;x
1349;183;141;170;Qingyang;x
1350;222;70;174;Pingliang;x
1351;140;28;98;Dunhuang;x
1352;131;28;98;Guazhou;x
1353;249;212;237;Ganzhou;x
1354;255;0;174;Jiayuguan;x
1355;253;150;220;Minle;x
1356;160;45;124;Wuwei;x
1357;248;80;195;Jinchang;x
1358;171;72;72;Taipei;x
1359;103;44;44;Hsinchu;x
1360;131;94;94;Taichung;x
1361;156;75;75;Yunlin;x
1362;119;34;34;Penghu;x
1363;192;84;84;Kaohsiung;x
1364;131;40;40;Pingtung;x
1365;144;58;58;Yushan;x
1366;111;23;23;Nantou;x
1367;133;37;37;Yilan;x
1368;125;66;66;Huadong;x
1369;185;90;90;Houshan;x
1370;81;218;234;Guilin;x
1371;92;182;193;Liuzhou;x
1372;114;168;174;Jinchengjiang;x
1373;30;98;106;Yizhou;x
1374;85;218;234;Tiane;x
1375;41;123;133;Huanjiang;x
1376;27;50;53;Changzhou;x
1377;58;110;116;Hezhou;x
1378;28;192;213;Cenxi;x
1379;109;141;145;Laibin;x
1380;145;243;255;Guiping;x
1381;8;89;99;Gangnan;x
1382;239;121;182;Shenzhen;x
1383;225;136;182;Baoan;x
1384;253;76;168;Yantian;x
1385;131;73;103;Dapeng;x
1386;251;154;204;Dongguan;x
1387;166;100;134;Huaiji;x
1388;255;58;160;Qingcheng;x
1389;186;104;147;Yangshan;x
1390;255;121;190;Lianzhou;x
1391;168;64;118;Yingde;x
1392;123;42;84;Zhenjiang;x
1393;167;0;86;Renhua;x
1394;131;15;75;Nanxiong;x
1395;100;0;52;Wengyuan;x
1396;214;14;118;Huicheng;x
1397;122;68;95;Huiyang;x
1398;179;34;109;Longmen;x
1399;69;33;52;Yuancheng;x
1400;255;167;213;Longchuan;x
1401;244;26;139;Meijiang;x
1402;154;74;115;Xingning;x
1403;102;18;61;Wuhua;x
1404;232;192;213;Chengqu;x
1405;232;116;176;Lufeng;x
1406;224;0;118;Haifeng;x
1407;207;119;164;Shenshan;x
1408;133;73;104;Shantou;x
1409;167;13;93;Jieyang;x
1410;255;177;217;Chaozhou;x
1411;144;207;153;Yongren;x
1412;179;6;31;Chengdu;x
1413;236;93;113;Qingbaijiang;x
1414;186;0;26;Jianyang;x
1415;248;78;102;Wenjiang;x
1416;179;53;53;Chongzhou;x
1417;193;19;43;Pengzhou;x
1418;255;83;107;Qionglai;x
1419;249;143;158;Jingyang;x
1420;222;65;87;Zhongjiang;x
1421;207;0;29;Fucheng;x
1422;249;49;77;Jiangyou;x
1423;227;92;111;Santai;x
1424;196;42;63;Yanting;x
1425;231;79;79;Yucheng;x
1426;220;57;80;Tianquan;x
1427;177;114;114;Shimian;x
1428;253;59;86;Shizhong;x
1429;246;196;196;Emeishan;x
1430;255;106;127;Qianwei;x
1431;224;140;140;Mabian;x
1432;249;29;60;Meishan;x
1433;160;124;129;Xichang;x
1434;244;15;48;Puge;x
1435;215;116;130;Butuo;x
1436;246;39;68;Ganluo;x
1437;143;30;46;Panzhihua;x
1438;90;5;17;Muli;x
1439;239;109;127;Huidong;x
1440;244;66;91;Jiangyang;x
1441;245;56;91;Naxi;x
1442;164;71;84;Xuzhou;x
1443;246;72;97;Changning;x
1444;205;128;139;Gao;x
1445;237;18;49;Neijiang;x
1446;215;45;69;Zigong;x
1447;164;80;92;Suining;x
1448;215;67;88;Ziyang;x
1449;169;63;78;Shunqing;x
1450;195;0;28;Langzhong;x
1451;227;14;44;Guangyuan;x
1452;255;0;36;Bazhong;x
1453;227;108;125;Dazhou;x
1454;172;53;70;Kaijiang;x
1455;184;108;119;Wanyuan;x
1456;246;135;151;Guangan;x
1457;0;168;117;Harbin;x
1458;9;145;113;Hulan;x
1459;33;130;104;Mulan;x
1460;12;163;116;Wuchang;x
1461;18;160;140;Bin;x
1462;71;153;112;Qiqihar;x
1463;113;183;138;Nianzishan;x
1464;38;144;142;Gannan_2;x
1465;44;153;112;Nehe;x
1466;13;168;139;Keshan;x
1467;7;127;91;Daqing;x
1468;0;142;76;Datong;x
1469;65;114;85;Suihua;x
1470;53;114;97;Zhaodong;x
1471;81;127;101;Hailun;x
1472;62;215;84;Heihe;x
1473;60;104;67;Beian;x
1474;107;164;115;Daxinganling;x
1475;18;190;140;Mudanjiang;x
1476;57;163;145;Suifenhe;x
1477;49;196;158;Jixi;x
1478;40;214;170;Mishan;x
1479;99;179;144;Shuangyashan;x
1480;99;191;186;Baoqing;x
1481;147;156;163;Raohe;x
1482;17;145;96;Qitaihe;x
1483;34;80;40;Jiamusi;x
1484;61;186;146;Fujin;x
1485;85;145;113;Hegang;x
1486;135;179;141;Yichun;x
1487;99;197;162;Tieli;x
1488;110;145;120;Fenglin;x
1489;171;87;30;Guizhou;x
1490;251;143;71;Qingzhen;x
1491;73;43;24;Kaiyang;x
1492;128;58;11;Anshun;x
1493;155;120;96;Zhongshan;x
1494;229;163;119;Panzhou;x
1495;191;111;58;Shuicheng;x
1496;241;160;106;Qixingguan;x
1497;255;210;180;Qianxi;x
1498;201;96;26;Honghuagang;x
1499;234;104;17;Renhuai;x
1500;112;77;54;Meitan;x
1501;227;157;110;Chishui;x
1502;186;168;155;Daozhen;x
1503;219;90;3;Bijiang;x
1504;255;175;121;Shiqian;x
1505;80;56;41;Duyun;x
1506;147;62;5;Guiding;x
1507;238;129;57;Pingtang;x
1508;243;174;129;Luodian;x
1509;213;161;126;Fuquan;x
1510;181;140;113;Kaili;x
1511;130;71;32;Liping;x
1512;246;104;9;Zhenyuan;x
1513;248;107;14;Xingren;x
1514;232;219;211;Anlong;x
1515;246;11;193;Yuzhong;x
1516;150;61;130;Bishan;x
1517;255;183;239;Dazu;x
1518;248;64;207;Tongnan;x
1519;145;32;120;Yongchuan;x
1520;229;135;208;Jiangjin;x
1521;177;72;154;Qijiang;x
1522;234;103;205;Banan;x
1523;255;145;230;Fuling;x
1524;124;13;99;Wulong;x
1525;241;123;215;Nanchuan;x
1526;233;30;187;Fengdu;x
1527;171;38;141;Changshou;x
1528;196;35;160;Dianjiang;x
1529;237;91;204;Rensha;x
1530;183;42;152;Qianjiang;x
1531;222;84;191;Youyang;x
1532;179;50;150;Xiushan;x
1533;227;15;180;Shizhu;x
1534;200;154;190;Pengshui;x
1535;136;94;127;Wanzhou;x
1536;171;111;158;Liangping;x
1537;136;78;123;Zhong;x
1538;236;81;201;Kaizhou;x
1539;241;70;203;Chengkou;x
1540;255;14;201;Yunyang;x
1541;238;11;187;Gaojiaju;x
1542;193;54;162;Wuxi;x
1543;225;152;209;Wushan;x
1544;211;83;137;Yangtze #2;x
1545;212;83;137;Yangtze #3;x
1546;213;83;137;Huangde;x
1547;214;83;137;Huangde #2;x
1548;114;124;255;Yinchuan;x
1549;172;178;255;Lingwu;x
1550;0;11;157;Shizuishan;x
1551;108;117;241;Litong;x
1552;74;86;251;Shapotou;x
1553;75;86;251;Haiyuan;x
1554;53;62;179;Guyuan;x
1555;5;11;90;Hongsibu;x
1556;8;167;19;Weiyang;x
1557;53;184;63;Changan;x
1558;52;155;59;Qindu;x
1559;27;124;34;Binzhou;x
1560;111;220;119;Jintai;x
1561;57;219;68;Fengxiang;x
1562;65;232;76;Mei;x
1563;1;249;18;Hantai;x
1564;50;160;57;Nanzheng;x
1565;109;234;118;Mian;x
1566;25;195;37;Ankang;x
1567;84;212;93;Shangzhou;x
1568;52;237;65;Zhashui;x
1569;100;255;111;Yanan;x
1570;115;234;123;Ansai;x
1571;46;148;54;Luochuan;x
1572;24;152;33;Yuyang;x
1573;72;217;83;Dingbian;x
1574;87;246;98;Shenmu;x
1575;49;203;59;Mizhi;x
1576;143;236;149;Yaozhou;x
1577;0;133;9;Yintai;x
1578;93;205;101;Linwei;x
1579;72;222;83;Pucheng;x
1580;63;195;73;Hancheng;x
1581;3;213;18;Baishui;x
1582;94;163;152;Fuzhou;x
1583;119;255;234;Luoyuan;x
1584;2;106;90;Mawei;x
1585;114;248;227;Putian;x
1586;61;104;97;Fuqing;x
1587;100;154;146;Pingtan;x
1588;136;220;207;Jiaocheng;x
1589;50;123;112;Fuan;x
1590;29;75;68;Fuding;x
1591;38;143;128;Yanping;x
1592;26;124;109;Shaowu;x
1593;7;200;170;Wuyishan;x
1594;109;234;215;Jianou;x
1595;46;83;77;Zhenghe;x
1596;87;147;138;Xiangcheng;x
1597;92;248;224;Longhai;x
1598;104;212;195;Quanzhou;x
1599;136;177;171;Nanan;x
1600;32;213;185;Yongchun;x
1601;28;82;74;Xiamen;x
1602;74;135;126;Anxi;x
1603;75;104;100;Sanyuan;x
1604;23;123;108;Shaxian;x
1605;53;183;163;Taining;x
1606;133;155;152;Yongan;x
1607;88;187;173;Xinluo;x
1608;0;119;102;Changting;x
1609;255;46;22;Hangzhou;x
1610;255;66;63;Fuyang;x
1611;255;80;61;Jiande;x
1612;255;94;115;Chunan;x
1613;140;34;32;Jiaxing;x
1614;174;19;27;Huzhou;x
1615;140;67;70;Changxing;x
1616;204;34;74;Yuecheng;x
1617;175;29;66;Zhuji;x
1618;175;84;84;Shengzhou;x
1619;255;74;24;Yinzhou;x
1620;255;105;51;Ninghai;x
1621;232;74;0;Zhoushan;x
1622;226;120;81;Wenzhou;x
1623;224;83;51;Ruian;x
1624;229;104;66;Dongtou;x
1625;255;116;89;Linhai;x
1626;255;144;124;Yuhuan;x
1627;229;104;0;Tiantai;x
1628;224;73;53;Lanxi;x
1629;224;107;98;Yiwu;x
1630;221;73;90;Kecheng;x
1631;221;90;104;Jiangshan;x
1632;221;150;130;Liandu;x
1633;219;131;107;Longquan;x
1634;44;148;44;Honggutan;x
1635;58;75;58;Xihu;x
1636;15;73;15;Jiujiang;x
1637;48;198;48;Ruichang;x
1638;65;183;65;Xinyu;x
1639;46;126;46;Yuanzhou;x
1640;4;133;4;Zhangshu;x
1641;111;169;111;Pingxiang;x
1642;38;92;38;Yingtan;x
1643;175;231;175;Yugan;x
1644;107;171;107;Poyang;x
1645;90;220;90;Xinzhou;x
1646;20;102;20;Dexing;x
1647;122;193;122;Changjiang;x
1648;65;107;65;Leping;x
1649;85;191;85;Zhanggong;x
1650;37;118;37;Chongyi;x
1651;44;118;44;Ruijin;x
1652;85;131;85;Dingnan;x
1653;37;114;37;Linchuan;x
1654;50;118;50;Zixi;x
1655;57;97;57;Lean;x
1656;49;243;49;Nanfeng;x
1657;121;212;121;Jizhou;x
1658;22;85;22;Jinggangshan;x
1659;23;15;119;Yuelu;x
1660;61;50;208;Liuyang;x
1661;8;0;118;Xiangtan;x
1662;84;77;172;Yueyanglou;x
1663;97;85;255;Miluo;x
1664;70;66;123;Heshan;x
1665;82;79;126;Taojiang;x
1666;129;126;167;Wuling;x
1667;193;188;255;Jinshi;x
1668;20;8;171;Shimen;x
1669;68;59;189;Yuanjiang_2;x
1670;80;76;135;Wulingyuan;x
1671;107;96;255;Sangzhi;x
1672;34;17;255;Jishou;x
1673;57;54;102;Yongshun;x
1674;129;120;246;Hecheng;x
1675;145;137;255;Jingzhou;x
1676;134;125;255;Zhijiang;x
1677;188;184;234;Xupu;x
1678;30;15;227;Hengyang;x
1679;57;54;95;Zhuzhou;x
1680;85;79;162;Beihui;x
1681;169;166;208;Jiahe;x
1682;116;106;244;Zixing;x
1683;146;140;219;Lengshuitan;x
1684;68;54;255;Dao;x
1685;64;61;104;Shaoyang;x
1686;99;97;126;Wugang;x
1687;155;150;224;Louxing;x
1688;51;43;155;Lianyuan;x
1689;215;83;137;Yangtze #4;x
1690;216;83;137;Yangtze #5;x
1691;217;83;137;Yangtze #6;x
1692;218;83;137;Yangtze #7;x
1693;219;83;137;Yangtze #8;x
1694;214;84;137;Huangde #3;x
1695;214;85;137;Huangde #4;x
1696;214;86;137;Huangde #5;x
1697;214;87;137;Huangde #6;x
1698;189;172;172;Qianjiang_2;x
1699;111;84;84;Xiantao;x
1700;205;151;151;Tianmen;x
1701;219;41;41;Hankou;x
1702;234;0;0;Huangpi;x
1703;176;126;126;Wuchang_2;x
1704;85;34;34;Huangshi;x
1705;243;118;118;Ezhou;x
1706;90;60;60;Wuxue;x
1707;251;182;182;Macheng;x
1708;169;66;66;Jingmen;x
1709;164;12;12;Xiaogan;x
1710;251;127;127;Yingcheng;x
1711;241;112;112;Laohekou;x
1712;217;72;72;Baokang;x
1713;83;46;46;Suizhou;x
1714;201;40;40;Maojian;x
1715;234;27;27;Zhangwan;x
1716;244;144;144;Zhuxi;x
1717;255;187;187;Shennongjia;x
1718;217;93;93;Xiling;x
1719;130;55;55;Yiling;x
1720;95;69;69;Yidu;x
1721;188;134;134;Jingzhou_2;x
1722;190;134;134;Shishou;x
1723;255;179;179;Xianning;x
1724;71;13;13;Enshi;x
1725;195;70;70;Jianshi;x
1726;171;103;103;Hefeng;x
1727;137;97;216;Shushan;x
1728;142;41;219;Chaohu;x
1729;142;66;219;Lujiang;x
1730;188;83;214;Changfeng;x
1731;164;105;224;Yixiu;x
1732;180;136;224;Taihu;x
1733;214;71;216;Langya;x
1734;189;152;214;Mingguang;x
1735;177;117;214;Tianchang;x
1736;200;132;214;Fengyang;x
1737;130;81;214;Jinan;x
1738;137;101;216;Yeji;x
1739;201;179;224;Jinzhai;x
1740;180;148;211;Huoshan;x
1741;209;116;214;Tianjiaan;x
1742;211;105;192;Shou;x
1743;216;112;173;Yongqiao;x
1744;216;91;204;Si;x
1745;183;104;214;Bengbu;x
1746;216;93;174;Huaibei;x
1747;216;138;177;Dangshan;x
1748;214;111;210;Qiaocheng;x
1749;188;85;214;Lixin;x
1750;188;105;214;Ying;x
1751;200;114;229;Jieshou;x
1752;128;104;214;Jiujiang_2;x
1753;95;88;216;Jinghu;x
1754;168;136;204;Yushun;x
1755;180;146;219;He;x
1756;163;143;226;Tongguan;x
1757;163;124;226;Jiao;x
1758;204;77;197;Guichi;x
1759;204;82;151;Dongzhi;x
1760;148;70;204;Xuanzhou;x
1761;148;99;204;Ningguo;x
1762;183;67;204;Ji;x
1763;242;72;202;Huangshan;x
1764;204;61;170;Yi;x
1765;165;128;121;Xuanwu;x
1766;198;154;147;Pukou;x
1767;204;146;136;Lishui;x
1768;255;154;91;Xinbei;x
1769;255;139;86;Liyang;x
1770;255;191;135;Yixing;x
1771;255;127;58;Zhenjiang_2;x
1772;255;155;73;Wuxi_2;x
1773;111;50;13;Huqui;x
1774;255;109;0;Gusu;x
1775;255;93;0;Shazhou;x
1776;220;102;30;Kunshan;x
1777;255;135;12;Wuijiang;x
1778;213;104;38;Taicang;x
1779;181;127;94;Shanghai;x
1780;244;130;61;Jiading;x
1781;255;225;20;Baoshan_2;x
1782;255;225;109;Pudong;x
1783;255;206;91;Chongming;x
1784;244;98;11;Fengxian;x
1785;198;117;68;Jinshan;x
1786;229;206;55;Songjiang;x
1787;148;62;9;Qingpu;x
1788;255;154;82;Huaian;x
1789;219;125;63;Xuyi;x
1790;255;114;33;Chongchuan;x
1791;234;114;44;Haimen;x
1792;213;141;97;Qidong;x
1793;239;137;75;Rugao;x
1794;244;149;91;Rudong;x
1795;255;135;61;Haian;x
1796;242;170;94;Hailing_2;x
1797;255;182;99;Xinghua;x
1798;255;120;89;Hanjiang;x
1799;255;136;85;Gaoyou;x
1800;255;143;99;Yancheng;x
1801;255;169;112;Sheyang;x
1802;174;102;58;Binhai;x
1803;234;154;120;Funing_2;x
1804;183;103;55;Dongtai;x
1805;224;131;130;Xuzhou_2;x
1806;239;151;148;Peifeng;x
1807;242;124;118;Pizhou;x
1808;239;110;110;Sucheng;x
1809;239;81;110;Siyang;x
1810;243;156;104;Sihong;x
1811;201;86;16;Haizhou;x
1812;255;148;142;Guanyun;x
1813;109;127;121;Zhongyuan;x
1814;81;120;130;Gongyi;x
1815;89;150;82;Kaifeng;x
1816;67;128;93;Yongqiu;x
1817;67;111;112;Suiyang;x
1818;78;131;111;Yongcheng;x
1819;77;158;137;Luolong;x
1820;67;107;103;Ruyang;x
1821;26;56;45;Luoning;x
1822;92;137;124;Hubin;x
1823;80;102;93;Lingbao;x
1824;67;112;109;Chuanhai;x
1825;70;130;117;Huaiyang;x
1826;58;116;96;Luyi;x
1827;58;109;132;Xiangcheng_2;x
1828;49;107;94;Weidu;x
1829;72;135;134;Yuzhou_2;x
1830;34;61;52;Yanling;x
1831;38;107;105;Xinhua;x
1832;48;135;89;Wugang_2;x
1833;38;104;82;Luohe;x
1834;72;130;122;Yicheng;x
1835;53;84;79;Shangcai;x
1836;72;114;109;Xincai;x
1837;43;109;71;Pingqiao;x
1838;40;81;63;Guangshan;x
1839;33;109;73;Gushi;x
1840;52;112;96;Wolong;x
1841;74;153;129;Neixiang;x
1842;45;96;87;Fangcheng_2;x
1843;74;112;105;Dengzhou;x
1844;27;89;71;Tanghe;x
1845;66;135;109;Wenfeng;x
1846;145;123;123;Lizhou;x
1847;97;165;141;Hebi;x
1848;45;81;62;Puyang;x
1849;59;127;91;Anyang;x
1850;44;119;97;Jiaozu;x
1851;71;104;97;Jiyuan;x
1852;59;170;124;Hongqi;x
1853;33;137;94;Yuanyang_2;x
1854;47;158;121;Changyuan;x
1855;160;0;0;Taiyuan;x
1856;189;46;46;Gujiao;x
1857;255;127;127;Yangqu;x
1858;225;131;131;Yangquan;x
1859;255;80;80;Lishi;x
1860;138;102;102;Xing;x
1861;109;46;46;Jiaocheng_2;x
1862;217;92;92;Yuci;x
1863;138;0;0;Taigu;x
1864;92;58;58;Jiexu;x
1865;255;227;227;Chengqu_2;x
1866;248;106;106;Qin;x
1867;255;41;41;Jincheng;x
1868;83;50;50;Yaodu;x
1869;205;104;104;Xiangning;x
1870;255;119;119;Yanhu;x
1871;118;55;55;Yongji;x
1872;255;180;180;Hejin;x
1873;243;13;13;Datong_2;x
1874;159;38;38;Yunzhou;x
1875;189;102;102;Shuozhou;x
1876;123;64;64;Xinfu;x
1877;183;129;129;Yuanping;x
1878;138;77;77;Hequ;x
1879;174;0;0;Baode;x
1880;24;101;149;Lixia;x
1881;23;76;109;Laiwu;x
1882;67;112;140;Licheng;x
1883;51;150;200;Zibo;x
1884;22;102;151;Boshan;x
1885;52;134;188;Zouping;x
1886;0;57;107;Dongying;x
1887;46;149;216;Kenli;x
1888;1;1;2;PLACEHOLDER1888;x
1889;41;96;130;Binzhou_2;x
1890;34;70;93;Decheng;x
1891;45;97;130;Laoling;x
1892;40;120;170;Liaocheng;x
1893;42;153;224;Weifang;x
1894;61;123;162;Changyi;x
1895;53;147;211;Gaomi;x
1896;24;126;176;Anqiu;x
1897;44;133;178;Zhucheng;x
1898;24;90;124;Caozhou;x
1899;32;144;215;Chengwu;x
1900;64;140;188;Juye;x
1901;46;114;157;Rencheng;x
1902;44;103;140;Qufu;x
1903;31;114;166;Taian;x
1904;42;82;107;Xuecheng;x
1905;68;133;174;Tengzhou;x
1906;40;104;143;Lanshan;x
1907;49;112;152;Fei;x
1908;59;102;129;Luozhuang;x
1909;81;173;233;Rizhao;x
1910;57;109;141;Hedong;x
1911;139;205;255;Yantai;x
1912;19;158;255;Longkou;x
1913;138;173;230;Zhaoyuan;x
1914;66;147;255;Qixia;x
1915;55;128;241;Haiyang;x
1916;166;230;255;Laiyang;x
1917;130;196;255;Qingdao;x
1918;42;115;230;Pingdu;x
1919;27;77;154;Jimo;x
1920;49;147;211;Jiaozhou;x
1921;61;113;196;Rongcheng;x
1922;23;107;237;Rushan;x
1923;237;178;40;Beijing;x
1924;239;198;62;Tongzhou;x
1925;219;167;39;Fangshan;x
1926;237;151;16;Changping;x
1927;234;170;75;Shunyi;x
1928;244;136;0;Tianjin;x
1929;242;152;43;Binhai_2;x
1930;244;163;0;South Binhai;x
1931;242;145;26;Jinghai;x
1932;219;120;0;Wuqing;x
1933;219;120;51;Jizhou_2;x
1934;193;172;102;Tangshan;x
1935;196;181;115;Fengrun;x
1936;196;114;37;Luanzhou;x
1937;196;153;78;Luannan;x
1938;196;166;115;Qinhuangdao;x
1939;198;158;57;Qinglong;x
1940;198;194;151;Chengde;x
1941;193;180;79;Luanping;x
1942;173;166;110;Longhua;x
1943;196;147;74;Xinglong;x
1944;181;175;115;Handan;x
1945;193;147;73;Wuan;x
1946;181;157;99;Daming;x
1947;198;160;71;Xingtai;x
1948;211;174;88;Xiangdu;x
1949;226;175;54;Wei;x
1950;191;181;109;Hengshui;x
1951;188;167;103;Wuyi;x
1952;226;193;108;Shenzhou;x
1953;229;166;114;Cangzhou;x
1954;226;185;133;Huanghua;x
1955;229;175;110;Mengcun;x
1956;198;114;29;Botou;x
1957;206;166;72;Renqiu;x
1958;239;226;79;Sanhe;x
1959;224;192;118;Bazhou;x
1960;198;126;37;Dacheng;x
1961;196;173;0;Shijiazhuang;x
1962;209;185;100;Jingxing;x
1963;219;207;146;Pingshan;x
1964;226;214;152;Baozhou;x
1965;193;179;108;Quyang;x
1966;175;156;61;Dingzhou;x
1967;193;190;137;Yizhou_2;x
1968;175;160;86;Zhuozhou;x
1969;255;229;170;Zhangjiakou;x
1970;165;159;112;Chicheng;x
1971;224;216;152;Zhangbei;x
1972;196;171;113;Zhuolu;x
1973;184;193;34;Lhasa;x
1974;71;151;78;Nedong;x
1975;26;100;33;Lhuenze;x
1976;14;175;29;Nagarze;x
1977;39;245;58;Samzhubze;x
1978;250;213;7;Ngamring;x
1979;218;225;91;Gyantse;x
1980;188;194;86;Tingri;x
1981;180;189;30;Gyirong;x
1982;158;120;61;Zhongba;x
1983;205;149;63;Gar;x
1984;243;182;88;Rutog;x
1985;103;71;22;Gerze;x
1986;255;135;0;Coqen;x
1987;197;125;15;Ladakh;x
1988;232;76;76;Seni;x
1989;188;37;37;Amdo;x
1990;178;54;54;Baingoin;x
1991;68;71;170;Dege;x
1992;26;28;113;Batang;x
1993;15;19;147;Litang;x
1994;31;36;153;Garze;x
1995;26;30;146;Dawu;x
1996;58;61;164;Kangding;x
1997;23;28;144;Barkam;x
1998;38;36;222;Zoige;x
1999;79;81;158;Tsanlha;x
2000;68;71;146;Maowen;x
2001;55;58;137;Maoxian;x
2002;92;94;178;Karuo;x
2003;83;86;212;Baxoi;x
2004;74;78;234;Lhorong;x
2005;42;46;175;Markam;x
2006;42;126;80;Bayi;x
2007;65;69;202;Zayue;x
2008;242;237;44;Xining;x
2009;173;171;74;Haidong;x
2010;131;129;20;Habei;x
2011;218;214;57;Huangnan;x
2012;227;224;131;Hainan;x
2013;197;196;13;Yushu_2;x
2014;169;168;23;Zadoi;x
2015;209;208;13;Chindu;x
2016;182;181;94;Maqen;x
2017;255;254;39;Gade;x
2018;179;178;32;Tanggula;x
2019;164;161;41;Delingha;x
2020;178;176;80;Golmud;x
2021;142;140;72;Dulan;x
2022;155;152;53;Da Qaidam;x
2023;22;156;135;Ulaanbaatar;x
2024;34;236;204;Darkhan-Uul;x
2025;0;183;159;Orkhon;x
2026;45;166;152;Khentii;x
2027;31;115;106;Dornod;x
2028;65;240;220;Suekhbaatar;x
2029;195;170;122;Hulunbuir;x
2030;200;176;130;Barag;x
2031;210;167;83;Oroqen;x
2032;167;149;115;Hinggan;x
2033;0;235;204;Arkhangai;x
2034;0;117;89;Zavkhan;x
2035;0;189;163;Moeroen;x
2036;227;215;192;Hohot;x
2037;166;140;89;Ordos;x
2038;234;227;215;Bayannur;x
2039;142;114;59;Baotou;x
2040;255;206;112;Ulanqab;x
2041;255;181;38;Haibowan;x
2042;106;214;198;Dundgovi;x
2043;2;178;136;Govi-Altai;x
2044;0;222;192;Bayankhongor;x
2045;0;141;121;Ovoerkhangai;x
2046;0;236;204;Omnoegovi;x
2047;57;215;197;Dornogovi;x
2048;107;93;65;Chifeng;x
2049;1;2;2;PLACEHOLDER2049;x
2050;181;158;113;Tongliao;x
2051;95;70;22;Sonid;x
2052;220;200;162;Xilinhot;x
2053;119;94;47;Alxa;x
2054;171;145;94;Ejin;x
2055;0;221;169;Bayan-Olgii;x
2056;0;87;66;Khovd;x
2057;0;140;106;Baruunturuun;x
2058;156;67;146;Amur;x
2059;156;67;148;Amur #2;x
2060;156;67;150;Amur #3;x
2061;156;67;152;Amur #4;x
2062;160;130;216;Vladimirovka;x
2063;130;99;255;Anivsky;x
2064;126;95;183;Kholmsky;x
2065;143;110;183;Tomarinsky;x
2066;153;139;183;Poronaysky;x
2067;91;80;119;Alexandrovsk;x
2068;42;46;86;Smirnykhovsky;x
2069;143;125;145;Tymovsky;x
2070;79;50;119;Nogliksky;x
2071;66;58;86;Okhinsky;x
