#CODE;ENGLISH;FRENCH;GERMAN;;SPANISH;;;;;;;;;x
d_aceh_selatan;Aceh Selatan;Aceh Selatan;Aceh Selatan;;Aceh Selatan;;;;;;;;;x
d_aceh_selatan_adj;Aceh Selatanian;;Aceh Selataner;;;;;;;;;;;x
d_aceh_utara;Aceh Utara;Aceh Utara;Aceh Utara;;Aceh Utara;;;;;;;;;x
d_aceh_utara_adj;Aceh Utaran;;Aceh Utarer;;;;;;;;;;;x
d_agusan;Agusan;Agusan;Agusan;;Agusan;;;;;;;;;x
d_agusan_adj;Agusanian;;agusaner;;;;;;;;;;;x
d_aichi;Aichi;Aichi;Aichi;;Aichi;;;;;;;;;x
d_aichi_adj;Aichian;;aicher;;;;;;;;;;;x
d_akan;Akan;Akan;Akan;;Akan;;;;;;;;;x
d_akan_adj;Akanian;;akaner;;;;;;;;;;;x
d_aksu;Aksu;Aksu;Aksu;;Aksu;;;;;;;;;x
d_aksu_adj;Aksian;;akser;;;;;;;;;;;x
d_altay;Altay;Altay;Altay;;Altay;;;;;;;;;x
d_altay_adj;Altaian;;altaer;;;;;;;;;;;x
d_anshan;Anshan;Anshan;Anshan;;Anshan;;;;;;;;;x
d_anshan_adj;Anshanian;;anshaner;;;;;;;;;;;x
d_aomori;Aomori;Aomori;Aomori;;Aomori;;;;;;;;;x
d_aomori_adj;Aomorian;;aomorer;;;;;;;;;;;x
d_arsenyevsky;Arsenyevsky;Arsenyevsky;Arsenyevsky;;Arsenyevsky;;;;;;;;;x
d_arsenyevsky_adj;Arsenyevskian;;arsenyevsker;;;;;;;;;;;x
d_asuka;Asuka;Asuka;Asuka;;Asuka;;;;;;;;;x
d_asuka_adj;Asukan;;asuker;;;;;;;;;;;x
d_ayeyarwady;Ayeyarwady;Ayeyarwady;Ayeyarwady;;Ayeyarwady;;;;;;;;;x
d_ayeyarwady_adj;Ayeyarwadian;;ayeyarwader;;;;;;;;;;;x
d_ayutthaya;Ayutthaya;Ayutthaya;Ayutthaya;;Ayutthaya;;;;;;;;;x
d_ayutthaya_adj;Ayutthayan;;ayutthaer;;;;;;;;;;;x
d_bago;Bago;Bago;Bago;;Bago;;;;;;;;;x
d_bago_adj;Bagian;;bager;;;;;;;;;;;x
d_baise;Baise;Baise;Baise;;Baise;;;;;;;;;x
d_baise_adj;Baisean;;baiser;;;;;;;;;;;x
d_baishan;Baishan;Baishan;Baishan;;Baishan;;;;;;;;;x
d_baishan_adj;Baishanian;;baishaner;;;;;;;;;;;x
d_bali;Bali;Bali;Bali;;Bali;;;;;;;;;x
d_bali_adj;Balian;;baler;;;;;;;;;;;x
d_baliem_valley;Baliem Valley;Baliem Valley;Baliem Valley;;Baliem Valley;;;;;;;;;x
d_baliem_valley_adj;Baliem Valleian;;Baliem Valleer;;;;;;;;;;;x
d_banggai;Banggai;Banggai;Banggai;;Banggai;;;;;;;;;x
d_banggai_adj;Banggian;;bangger;;;;;;;;;;;x
d_bangka_belitung;Bangka-Belitung;Bangka-Belitung;Bangka-Belitung;;Bangka-Belitung;;;;;;;;;x
d_bangka_belitung_adj;Bangka-Belitungian;;bangka-belitunger;;;;;;;;;;;x
d_banjar_bakula;Banjar Bakula;Banjar Bakula;Banjar Bakula;;Banjar Bakula;;;;;;;;;x
d_banjar_bakula_adj;Banjar Bakulan;;Banjar Bakuler;;;;;;;;;;;x
d_banten;Banten;Banten;Banten;;Banten;;;;;;;;;x
d_banten_adj;Bantenian;;bantener;;;;;;;;;;;x
d_batu_pahat;Batu Pahat;Batu Pahat;Batu Pahat;;Batu Pahat;;;;;;;;;x
d_batu_pahat_adj;Batu Pahatian;;Batu Pahater;;;;;;;;;;;x
d_bayingolin;Bayingolin;Bayingolin;Bayingolin;;Bayingolin;;;;;;;;;x
d_bayingolin_adj;Bayingolinian;;bayingoliner;;;;;;;;;;;x
d_ben_tre;Bên Tre;Bên Tre;Bên Tre;;Bên Tre;;;;;;;;;x
d_ben_tre_adj;Bên Trean;;Bên Trer;;;;;;;;;;;x
d_bengkulu;Bengkulu;Bengkulu;Bengkulu;;Bengkulu;;;;;;;;;x
d_bengkulu_adj;Bengkulian;;bengkuler;;;;;;;;;;;x
d_benxi;Benxi;Benxi;Benxi;;Benxi;;;;;;;;;x
d_benxi_adj;Benxian;;benxer;;;;;;;;;;;x
d_bicol;Bicol;Bicol;Bicol;;Bicol;;;;;;;;;x
d_bicol_adj;Bicolian;;bicoler;;;;;;;;;;;x
d_bijie;Bijie;Bijie;Bijie;;Bijie;;;;;;;;;x
d_bijie_adj;Bijiean;;bijer;;;;;;;;;;;x
d_bintulu;Bintulu;Bintulu;Bintulu;;Bintulu;;;;;;;;;x
d_bintulu_adj;Bintulian;;bintuler;;;;;;;;;;;x
d_birds_head;Bird’s Head;Bird’s Head;Bird’s Head;;Bird’s Head;;;;;;;;;x
d_birds_head_adj;Bird’s Headian;;Bird’s Header;;;;;;;;;;;x
d_birds_tail;Bird’s Tail;Bird’s Tail;Bird’s Tail;;Bird’s Tail;;;;;;;;;x
d_birds_tail_adj;Bird’s Tailian;;Bird’s Tailer;;;;;;;;;;;x
d_bismarck;Bismarck;Bismarck;Bismarck;;Bismarck;;;;;;;;;x
d_bismarck_adj;Bismarckian;;bismarcker;;;;;;;;;;;x
d_bolaang_mongondow;Bolaang Mongondow;Bolaang Mongondow;Bolaang Mongondow;;Bolaang Mongondow;;;;;;;;;x
d_bolaang_mongondow_adj;Bolaang Mongondowian;;Bolaang Mongondower;;;;;;;;;;;x
d_bomberai;Bomberai;Bomberai;Bomberai;;Bomberai;;;;;;;;;x
d_bomberai_adj;Bomberian;;bomberer;;;;;;;;;;;x
d_botala;Botala;Botala;Botala;;Botala;;;;;;;;;x
d_botala_adj;Botalan;;botaler;;;;;;;;;;;x
d_brunei;Brunei;Brunei;Brunei;;Brunei;;;;;;;;;x
d_brunei_adj;Brunian;;bruner;;;;;;;;;;;x
d_bukidnon;Bukidnon;Bukidnon;Bukidnon;;Bukidnon;;;;;;;;;x
d_bukidnon_adj;Bukidnonian;;bukidnoner;;;;;;;;;;;x
d_bumthang;Bumthang;Bumthang;Bumthang;;Bumthang;;;;;;;;;x
d_bumthang_adj;Bumthangian;;bumthanger;;;;;;;;;;;x
d_buru;Buru;Buru;Buru;;Buru;;;;;;;;;x
d_buru_adj;Burian;;burer;;;;;;;;;;;x
d_buton;Buton;Buton;Buton;;Buton;;;;;;;;;x
d_buton_adj;Butonian;;butoner;;;;;;;;;;;x
d_cagayan;Cagayan;Cagayan;Cagayan;;Cagayan;;;;;;;;;x
d_cagayan_adj;Cagayanian;;cagayaner;;;;;;;;;;;x
d_can_tho;Cân Tho;Cân Tho;Cân Tho;;Cân Tho;;;;;;;;;x
d_can_tho_adj;Cân Thian;;Cân Ther;;;;;;;;;;;x
d_cenderawasih;Cenderawasih;Cenderawasih;Cenderawasih;;Cenderawasih;;;;;;;;;x
d_cenderawasih_adj;Cenderawasihian;;cenderawasiher;;;;;;;;;;;x
d_central_highlands;Central Highlands;Central Highlands;Central Highlands;;Central Highlands;;;;;;;;;x
d_central_highlands_adj;Central Highlandsian;;Central Highlandser;;;;;;;;;;;x
d_central_luzon;Central Luzon;Central Luzon;Central Luzon;;Central Luzon;;;;;;;;;x
d_central_luzon_adj;Central Luzonian;;Central Luzoner;;;;;;;;;;;x
d_chagang;Chagang;Chagang;Chagang;;Chagang;;;;;;;;;x
d_chagang_adj;Chagangian;;chaganger;;;;;;;;;;;x
d_champasak;Champasak;Champasak;Champasak;;Champasak;;;;;;;;;x
d_champasak_adj;Champasakian;;champasaker;;;;;;;;;;;x
d_changchun;Changchun;Changchun;Changchun;;Changchun;;;;;;;;;x
d_changchun_adj;Changchunian;;changchuner;;;;;;;;;;;x
d_changji;Changji;Changji;Changji;;Changji;;;;;;;;;x
d_changji_adj;Changjian;;changjer;;;;;;;;;;;x
d_chantraburi;Chantraburi;Chantraburi;Chantraburi;;Chantraburi;;;;;;;;;x
d_chantraburi_adj;Chantraburian;;chantraburer;;;;;;;;;;;x
d_chaoyang;Chaoyang;Chaoyang;Chaoyang;;Chaoyang;;;;;;;;;x
d_chaoyang_adj;Chaoyangian;;chaoyanger;;;;;;;;;;;x
d_chattogram;Chattogram;Chattogram;Chattogram;;Chattogram;;;;;;;;;x
d_chattogram_adj;Chattogramian;;chattogramer;;;;;;;;;;;x
d_chengdu;Chengdu;Chengdu;Chengdu;;Chengdu;;;;;;;;;x
d_chengdu_adj;Chengdian;;chengder;;;;;;;;;;;x
d_chiang_mai;Chiang Mai;Chiang Mai;Chiang Mai;;Chiang Mai;;;;;;;;;x
d_chiang_mai_adj;Chiang Mian;;Chiang Mer;;;;;;;;;;;x
d_chiba;Chiba;Chiba;Chiba;;Chiba;;;;;;;;;x
d_chiba_adj;Chiban;;chiber;;;;;;;;;;;x
d_chin;Chin;Chin;Chin;;Chin;;;;;;;;;x
d_chin_adj;Chinian;;chiner;;;;;;;;;;;x
d_chindwinn;Chindwinn;Chindwinn;Chindwinn;;Chindwinn;;;;;;;;;x
d_chindwinn_adj;Chindwinnian;;chindwinner;;;;;;;;;;;x
d_chonburi;Chonburi;Chonburi;Chonburi;;Chonburi;;;;;;;;;x
d_chonburi_adj;Chonburian;;chonburer;;;;;;;;;;;x
d_chungcheong;Chungcheong;Chungcheong;Chungcheong;;Chungcheong;;;;;;;;;x
d_chungcheong_adj;Chungcheongian;;chungcheonger;;;;;;;;;;;x
d_cordillera;Cordillera;Cordillera;Cordillera;;Cordillera;;;;;;;;;x
d_cordillera_adj;Cordilleran;;cordillerer;;;;;;;;;;;x
d_cotabato;Cotabato;Cotabato;Cotabato;;Cotabato;;;;;;;;;x
d_cotabato_adj;Cotabatian;;cotabater;;;;;;;;;;;x
d_cua_han;Cua Hàn;Cua Hàn;Cua Hàn;;Cua Hàn;;;;;;;;;x
d_cua_han_adj;Cua Hànian;;Cua Hàner;;;;;;;;;;;x
d_dali;Dali;Dali;Dali;;Dali;;;;;;;;;x
d_dali_adj;Dalian;;daler;;;;;;;;;;;x
d_dalian;Dalian;Dalian;Dalian;;Dalian;;;;;;;;;x
d_dalian_adj;Dalianian;;dalianer;;;;;;;;;;;x
d_dandong;Dandong;Dandong;Dandong;;Dandong;;;;;;;;;x
d_dandong_adj;Dandongian;;dandonger;;;;;;;;;;;x
d_daqing;Daqing;Daqing;Daqing;;Daqing;;;;;;;;;x
d_daqing_adj;Daqingian;;daqinger;;;;;;;;;;;x
d_davao;Davao;Davao;Davao;;Davao;;;;;;;;;x
d_davao_adj;Davian;;daver;;;;;;;;;;;x
d_davao_oriental;Davao Oriental;Davao Oriental;Davao Oriental;;Davao Oriental;;;;;;;;;x
d_davao_oriental_adj;Davao Orientalian;;Davao Orientaler;;;;;;;;;;;x
d_dayi;Dayi;Dayi;Dayi;;Dayi;;;;;;;;;x
d_dayi_adj;Daian;;daer;;;;;;;;;;;x
d_dazhou;Dazhou;Dazhou;Dazhou;;Dazhou;;;;;;;;;x
d_dazhou_adj;Dazhian;;dazher;;;;;;;;;;;x
d_dewa;Dewa;Dewa;Dewa;;Dewa;;;;;;;;;x
d_dewa_adj;Dewan;;dewer;;;;;;;;;;;x
d_deyang;Deyang;Deyang;Deyang;;Deyang;;;;;;;;;x
d_deyang_adj;Deyangian;;deyanger;;;;;;;;;;;x
d_dhak_lak;Ðak Lak;Ðak Lak;Ðak Lak;;Ðak Lak;;;;;;;;;x
d_dhak_lak_adj;Ðak Lakian;;Ðak Laker;;;;;;;;;;;x
d_dhong_thap;Ðông Tháp;Ðông Tháp;Ðông Tháp;;Ðông Tháp;;;;;;;;;x
d_dhong_thap_adj;Ðông Thápian;;Ðông Tháper;;;;;;;;;;;x
d_eastern_highlands;Eastern Highlands;Eastern Highlands;Eastern Highlands;;Eastern Highlands;;;;;;;;;x
d_eastern_highlands_adj;Eastern Highlandsian;;Eastern Highlandser;;;;;;;;;;;x
d_enga;Enga;Enga;Enga;;Enga;;;;;;;;;x
d_enga_adj;Engan;;enger;;;;;;;;;;;x
d_fangchenggang;Fangchenggang;Fangchenggang;Fangchenggang;;Fangchenggang;;;;;;;;;x
d_fangchenggang_adj;Fangchenggangian;;fangchengganger;;;;;;;;;;;x
d_flores;Flores;Flores;Flores;;Flores;;;;;;;;;x
d_flores_adj;Floresian;;floreser;;;;;;;;;;;x
d_foshan;Foshan;Foshan;Foshan;;Foshan;;;;;;;;;x
d_foshan_adj;Foshanian;;foshaner;;;;;;;;;;;x
d_fukushima;Fukushima;Fukushima;Fukushima;;Fukushima;;;;;;;;;x
d_fukushima_adj;Fukushiman;;fukushimer;;;;;;;;;;;x
d_fushun;Fushun;Fushun;Fushun;;Fushun;;;;;;;;;x
d_fushun_adj;Fushunian;;fushuner;;;;;;;;;;;x
d_gangwon;Gangwon;Gangwon;Gangwon;;Gangwon;;;;;;;;;x
d_gangwon_adj;Gangwonian;;gangwoner;;;;;;;;;;;x
d_gannan;Gannan;Gannan;Gannan;;Gannan;;;;;;;;;x
d_gannan_adj;Gannanian;;gannaner;;;;;;;;;;;x
d_gaoyao;Gaoyao;Gaoyao;Gaoyao;;Gaoyao;;;;;;;;;x
d_gaoyao_adj;Gaoian;;gaoer;;;;;;;;;;;x
d_gia_lai;Gia Lai;Gia Lai;Gia Lai;;Gia Lai;;;;;;;;;x
d_gia_lai_adj;Gia Lian;;Gia Ler;;;;;;;;;;;x
d_gifu;Gifu;Gifu;Gifu;;Gifu;;;;;;;;;x
d_gifu_adj;Gifian;;gifer;;;;;;;;;;;x
d_gorontalo;Gorontalo;Gorontalo;Gorontalo;;Gorontalo;;;;;;;;;x
d_gorontalo_adj;Gorontalian;;gorontaler;;;;;;;;;;;x
d_guam;Guam;Guam;Guam;;Guam;;;;;;;;;x
d_guam_adj;Guamian;;guamer;;;;;;;;;;;x
d_guangzhou;Guangzhou;Guangzhou;Guangzhou;;Guangzhou;;;;;;;;;x
d_guangzhou_adj;Guangzhian;;guangzher;;;;;;;;;;;x
d_guilin;Guilin;Guilin;Guilin;;Guilin;;;;;;;;;x
d_guilin_adj;Guilinian;;guiliner;;;;;;;;;;;x
d_guiyang;Guiyang;Guiyang;Guiyang;;Guiyang;;;;;;;;;x
d_guiyang_adj;Guiyangian;;guiyanger;;;;;;;;;;;x
d_gunma;Gunma;Gunma;Gunma;;Gunma;;;;;;;;;x
d_gunma_adj;Gunman;;gunmer;;;;;;;;;;;x
d_ha_giang;Hà Giang;Hà Giang;Hà Giang;;Hà Giang;;;;;;;;;x
d_ha_giang_adj;Hà Giangian;;Hà Gianger;;;;;;;;;;;x
d_ha_long;Ha Long;Ha Long;Ha Long;;Ha Long;;;;;;;;;x
d_ha_long_adj;Ha Longian;;Ha Longer;;;;;;;;;;;x
d_ha_noi;Hà Nôi;Hà Nôi;Hà Nôi;;Hà Nôi;;;;;;;;;x
d_ha_noi_adj;Hà Nôian;;Hà Nôer;;;;;;;;;;;x
d_ha_tien;Hà Tiên;Hà Tiên;Hà Tiên;;Hà Tiên;;;;;;;;;x
d_ha_tien_adj;Hà Tiênian;;Hà Tiêner;;;;;;;;;;;x
d_hai_phong;Hai Phòng;Hai Phòng;Hai Phòng;;Hai Phòng;;;;;;;;;x
d_hai_phong_adj;Hai Phòngian;;Hai Phònger;;;;;;;;;;;x
d_hainan;Hainan;Hainan;Hainan;;Hainan;;;;;;;;;x
d_hainan_adj;Hainanian;;hainaner;;;;;;;;;;;x
d_hamgyong;Hamgyong;Hamgyong;Hamgyong;;Hamgyong;;;;;;;;;x
d_hamgyong_adj;Hamgyongian;;hamgyonger;;;;;;;;;;;x
d_harbin;Harbin;Harbin;Harbin;;Harbin;;;;;;;;;x
d_harbin_adj;Harbinian;;harbiner;;;;;;;;;;;x
d_hechi;Hechi;Hechi;Hechi;;Hechi;;;;;;;;;x
d_hechi_adj;Hechian;;hecher;;;;;;;;;;;x
d_heihe;Heihe;Heihe;Heihe;;Heihe;;;;;;;;;x
d_heihe_adj;Heihean;;heiher;;;;;;;;;;;x
d_heyuan;Heyuan;Heyuan;Heyuan;;Heyuan;;;;;;;;;x
d_heyuan_adj;Heyuanian;;heyuaner;;;;;;;;;;;x
d_hiroshima;Hiroshima;Hiroshima;Hiroshima;;Hiroshima;;;;;;;;;x
d_hiroshima_adj;Hiroshiman;;hiroshimer;;;;;;;;;;;x
d_hokuriku;Hokuriku;Hokuriku;Hokuriku;;Hokuriku;;;;;;;;;x
d_hokuriku_adj;Hokurikian;;hokuriker;;;;;;;;;;;x
d_hong_kong;Hong Kong;Hong Kong;Hong Kong;;Hong Kong;;;;;;;;;x
d_hong_kong_adj;Hong Kongian;;Hong Konger;;;;;;;;;;;x
d_honghe;Honghe;Honghe;Honghe;;Honghe;;;;;;;;;x
d_honghe_adj;Honghean;;hongher;;;;;;;;;;;x
d_hotan;Hotan;Hotan;Hotan;;Hotan;;;;;;;;;x
d_hotan_adj;Hotanian;;hotaner;;;;;;;;;;;x
d_hpa_an;Hpa-An;Hpa-An;Hpa-An;;Hpa-An;;;;;;;;;x
d_hpa_an_adj;Hpa-Anian;;hpa-aner;;;;;;;;;;;x
d_hsenwi;Hsenwi;Hsenwi;Hsenwi;;Hsenwi;;;;;;;;;x
d_hsenwi_adj;Hsenwian;;hsenwer;;;;;;;;;;;x
d_huizhou;Huizhou;Huizhou;Huizhou;;Huizhou;;;;;;;;;x
d_huizhou_adj;Huizhian;;huizher;;;;;;;;;;;x
d_huludao;Huludao;Huludao;Huludao;;Huludao;;;;;;;;;x
d_huludao_adj;Huludian;;huluder;;;;;;;;;;;x
d_humboldt;Humboldt;Humboldt;Humboldt;;Humboldt;;;;;;;;;x
d_humboldt_adj;Humboldtian;;humboldter;;;;;;;;;;;x
d_hwanghae;Hwanghae;Hwanghae;Hwanghae;;Hwanghae;;;;;;;;;x
d_hwanghae_adj;Hwanghaean;;hwangher;;;;;;;;;;;x
d_hyogo;Hyogo;Hyogo;Hyogo;;Hyogo;;;;;;;;;x
d_hyogo_adj;Hyogian;;hyoger;;;;;;;;;;;x
d_ibaraki;Ibaraki;Ibaraki;Ibaraki;;Ibaraki;;;;;;;;;x
d_ibaraki_adj;Ibarakian;;ibaraker;;;;;;;;;;;x
d_ilocos;Ilocos;Ilocos;Ilocos;;Ilocos;;;;;;;;;x
d_ilocos_adj;Ilocosian;;ilocoser;;;;;;;;;;;x
d_indragiri;Indragiri;Indragiri;Indragiri;;Indragiri;;;;;;;;;x
d_indragiri_adj;Indragirian;;indragirer;;;;;;;;;;;x
d_izu;Izu;Izu;Izu;;Izu;;;;;;;;;x
d_izu_adj;Izian;;izer;;;;;;;;;;;x
d_jambi;Jambi;Jambi;Jambi;;Jambi;;;;;;;;;x
d_jambi_adj;Jambian;;jamber;;;;;;;;;;;x
d_jawa_kulon;Jawa Kulon;Jawa Kulon;Jawa Kulon;;Jawa Kulon;;;;;;;;;x
d_jawa_kulon_adj;Jawa Kulonian;;Jawa Kuloner;;;;;;;;;;;x
d_jeju;Jeju;Jeju;Jeju;;Jeju;;;;;;;;;x
d_jeju_adj;Jejian;;jejer;;;;;;;;;;;x
d_jeolla;Jeolla;Jeolla;Jeolla;;Jeolla;;;;;;;;;x
d_jeolla_adj;Jeollan;;jeoller;;;;;;;;;;;x
d_jiamusi;Jiamusi;Jiamusi;Jiamusi;;Jiamusi;;;;;;;;;x
d_jiamusi_adj;Jiamusian;;jiamuser;;;;;;;;;;;x
d_jiangmen;Jiangmen;Jiangmen;Jiangmen;;Jiangmen;;;;;;;;;x
d_jiangmen_adj;Jiangmenian;;jiangmener;;;;;;;;;;;x
d_jilin;Jilin;Jilin;Jilin;;Jilin;;;;;;;;;x
d_jilin_adj;Jilinian;;jiliner;;;;;;;;;;;x
d_jinzhou;Jinzhou;Jinzhou;Jinzhou;;Jinzhou;;;;;;;;;x
d_jinzhou_adj;Jinzhian;;jinzher;;;;;;;;;;;x
d_jiuquan;Jiuquan;Jiuquan;Jiuquan;;Jiuquan;;;;;;;;;x
d_jiuquan_adj;Jiuquanian;;jiuquaner;;;;;;;;;;;x
d_jixi;Jixi;Jixi;Jixi;;Jixi;;;;;;;;;x
d_jixi_adj;Jixian;;jixer;;;;;;;;;;;x
d_johor;Johor;Johor;Johor;;Johor;;;;;;;;;x
d_johor_adj;Johorian;;johorer;;;;;;;;;;;x
d_kabisay_an;Kabisay-an;Kabisay-an;Kabisay-an;;Kabisay-an;;;;;;;;;x
d_kabisay_an_adj;Kabisay-anian;;kabisay-aner;;;;;;;;;;;x
d_kagoshima;Kagoshima;Kagoshima;Kagoshima;;Kagoshima;;;;;;;;;x
d_kagoshima_adj;Kagoshiman;;kagoshimer;;;;;;;;;;;x
d_kanagawa;Kanagawa;Kanagawa;Kanagawa;;Kanagawa;;;;;;;;;x
d_kanagawa_adj;Kanagawan;;kanagawer;;;;;;;;;;;x
d_kapit;Kapit;Kapit;Kapit;;Kapit;;;;;;;;;x
d_kapit_adj;Kapitian;;kapiter;;;;;;;;;;;x
d_kapuas_raya;Kapuas Raya;Kapuas Raya;Kapuas Raya;;Kapuas Raya;;;;;;;;;x
d_kapuas_raya_adj;Kapuas Rayan;;Kapuas Raer;;;;;;;;;;;x
d_karamay;Karamay;Karamay;Karamay;;Karamay;;;;;;;;;x
d_karamay_adj;Karamaian;;karamaer;;;;;;;;;;;x
d_kashgar;Kashgar;Kashgar;Kashgar;;Kashgar;;;;;;;;;x
d_kashgar_adj;Kashgarian;;kashgarer;;;;;;;;;;;x
d_katagalugan;Katagalugan;Katagalugan;Katagalugan;;Katagalugan;;;;;;;;;x
d_katagalugan_adj;Katagaluganian;;katagaluganer;;;;;;;;;;;x
d_kedah;Kedah;Kedah;Kedah;;Kedah;;;;;;;;;x
d_kedah_adj;Kedahian;;kedaher;;;;;;;;;;;x
d_kelantan;Kelantan;Kelantan;Kelantan;;Kelantan;;;;;;;;;x
d_kelantan_adj;Kelantanian;;kelantaner;;;;;;;;;;;x
d_kepulauan_riau;Kepulauan Riau;Kepulauan Riau;Kepulauan Riau;;Kepulauan Riau;;;;;;;;;x
d_kepulauan_riau_adj;Kepulauan Rian;;Kepulauan Rer;;;;;;;;;;;x
d_kepulauan_sula;Kepulauan Sula;Kepulauan Sula;Kepulauan Sula;;Kepulauan Sula;;;;;;;;;x
d_kepulauan_sula_adj;Kepulauan Sulan;;Kepulauan Suler;;;;;;;;;;;x
d_kerinci;Kerinci;Kerinci;Kerinci;;Kerinci;;;;;;;;;x
d_kerinci_adj;Kerincian;;kerincer;;;;;;;;;;;x
d_ketapang;Ketapang;Ketapang;Ketapang;;Ketapang;;;;;;;;;x
d_ketapang_adj;Ketapangian;;ketapanger;;;;;;;;;;;x
d_kezilesu;Kezilesu;Kezilesu;Kezilesu;;Kezilesu;;;;;;;;;x
d_kezilesu_adj;Kezilesian;;kezileser;;;;;;;;;;;x
d_khanka;Khanka;Khanka;Khanka;;Khanka;;;;;;;;;x
d_khanka_adj;Khankan;;khanker;;;;;;;;;;;x
d_khatulistiwa;Khatulistiwa;Khatulistiwa;Khatulistiwa;;Khatulistiwa;;;;;;;;;x
d_khatulistiwa_adj;Khatulistiwan;;khatulistiwer;;;;;;;;;;;x
d_khon_kaen;Khon Kaen;Khon Kaen;Khon Kaen;;Khon Kaen;;;;;;;;;x
d_khon_kaen_adj;Khon Kaenian;;Khon Kaener;;;;;;;;;;;x
d_kitakyushu;Kitakyushu;Kitakyushu;Kitakyushu;;Kitakyushu;;;;;;;;;x
d_kitakyushu_adj;Kitakyushian;;kitakyusher;;;;;;;;;;;x
d_klang;Klang;Klang;Klang;;Klang;;;;;;;;;x
d_klang_adj;Klangian;;klanger;;;;;;;;;;;x
d_kochi;Kochi;Kochi;Kochi;;Kochi;;;;;;;;;x
d_kochi_adj;Kochian;;kocher;;;;;;;;;;;x
d_koh_trol;Koh Trol;Koh Trol;Koh Trol;;Koh Trol;;;;;;;;;x
d_koh_trol_adj;Koh Trolian;;Koh Troler;;;;;;;;;;;x
d_kolaka;Kolaka;Kolaka;Kolaka;;Kolaka;;;;;;;;;x
d_kolaka_adj;Kolakan;;kolaker;;;;;;;;;;;x
d_konawe;Konawe;Konawe;Konawe;;Konawe;;;;;;;;;x
d_konawe_adj;Konawean;;konawer;;;;;;;;;;;x
d_kotawaringin;Kotawaringin;Kotawaringin;Kotawaringin;;Kotawaringin;;;;;;;;;x
d_kotawaringin_adj;Kotawaringinian;;kotawaringiner;;;;;;;;;;;x
d_kratie;Kratie;Kratie;Kratie;;Kratie;;;;;;;;;x
d_kratie_adj;Kratiean;;krater;;;;;;;;;;;x
d_kuching;Kuching;Kuching;Kuching;;Kuching;;;;;;;;;x
d_kuching_adj;Kuchingian;;kuchinger;;;;;;;;;;;x
d_kumamoto;Kumamoto;Kumamoto;Kumamoto;;Kumamoto;;;;;;;;;x
d_kumamoto_adj;Kumamotian;;kumamoter;;;;;;;;;;;x
d_kungtung;Kungtung;Kungtung;Kungtung;;Kungtung;;;;;;;;;x
d_kungtung_adj;Kungtungian;;kungtunger;;;;;;;;;;;x
d_kunming;Kunming;Kunming;Kunming;;Kunming;;;;;;;;;x
d_kunming_adj;Kunmingian;;kunminger;;;;;;;;;;;x
d_kyebogi;Kyebogi;Kyebogi;Kyebogi;;Kyebogi;;;;;;;;;x
d_kyebogi_adj;Kyebogian;;kyeboger;;;;;;;;;;;x
d_la_laguna;La Laguna;La Laguna;La Laguna;;La Laguna;;;;;;;;;x
d_la_laguna_adj;La Lagunan;;La Laguner;;;;;;;;;;;x
d_labuan;Labuan;Labuan;Labuan;;Labuan;;;;;;;;;x
d_labuan_adj;Labuanian;;labuaner;;;;;;;;;;;x
d_labuhanbatu;Labuhanbatu;Labuhanbatu;Labuhanbatu;;Labuhanbatu;;;;;;;;;x
d_labuhanbatu_adj;Labuhanbatian;;labuhanbater;;;;;;;;;;;x
d_laibin;Laibin;Laibin;Laibin;;Laibin;;;;;;;;;x
d_laibin_adj;Laibinian;;laibiner;;;;;;;;;;;x
d_lampang;Lampang;Lampang;Lampang;;Lampang;;;;;;;;;x
d_lampang_adj;Lampangian;;lampanger;;;;;;;;;;;x
d_lampung;Lampung;Lampung;Lampung;;Lampung;;;;;;;;;x
d_lampung_adj;Lampungian;;lampunger;;;;;;;;;;;x
d_lanao;Lanao;Lanao;Lanao;;Lanao;;;;;;;;;x
d_lanao_adj;Lanian;;laner;;;;;;;;;;;x
d_lanzhou;Lanzhou;Lanzhou;Lanzhou;;Lanzhou;;;;;;;;;x
d_lanzhou_adj;Lanzhian;;lanzher;;;;;;;;;;;x
d_leshan;Leshan;Leshan;Leshan;;Leshan;;;;;;;;;x
d_leshan_adj;Leshanian;;leshaner;;;;;;;;;;;x
d_leyte;Leyte;Leyte;Leyte;;Leyte;;;;;;;;;x
d_leyte_adj;Leytean;;leyter;;;;;;;;;;;x
d_lezozavodsk;Lezozavodsk;Lezozavodsk;Lezozavodsk;;Lezozavodsk;;;;;;;;;x
d_lezozavodsk_adj;Lezozavodskian;;lezozavodsker;;;;;;;;;;;x
d_liangshan;Liangshan;Liangshan;Liangshan;;Liangshan;;;;;;;;;x
d_liangshan_adj;Liangshanian;;liangshaner;;;;;;;;;;;x
d_liaoyang;Liaoyang;Liaoyang;Liaoyang;;Liaoyang;;;;;;;;;x
d_liaoyang_adj;Liaoyangian;;liaoyanger;;;;;;;;;;;x
d_lijiang;Lijiang;Lijiang;Lijiang;;Lijiang;;;;;;;;;x
d_lijiang_adj;Lijiangian;;lijianger;;;;;;;;;;;x
d_limbang;Limbang;Limbang;Limbang;;Limbang;;;;;;;;;x
d_limbang_adj;Limbangian;;limbanger;;;;;;;;;;;x
d_liupanshui;Liupanshui;Liupanshui;Liupanshui;;Liupanshui;;;;;;;;;x
d_liupanshui_adj;Liupanshian;;liupansher;;;;;;;;;;;x
d_lizhou;Lizhou;Lizhou;Lizhou;;Lizhou;;;;;;;;;x
d_lizhou_adj;Lizhian;;lizher;;;;;;;;;;;x
d_lombok;Lombok;Lombok;Lombok;;Lombok;;;;;;;;;x
d_lombok_adj;Lombokian;;lomboker;;;;;;;;;;;x
d_longnan;Longnan;Longnan;Longnan;;Longnan;;;;;;;;;x
d_longnan_adj;Longnanian;;longnaner;;;;;;;;;;;x
d_lopburi;Lopburi;Lopburi;Lopburi;;Lopburi;;;;;;;;;x
d_lopburi_adj;Lopburian;;lopburer;;;;;;;;;;;x
d_lorentz;Lorentz;Lorentz;Lorentz;;Lorentz;;;;;;;;;x
d_lorentz_adj;Lorentzian;;lorentzer;;;;;;;;;;;x
d_lorosae;Lorosa'e;Lorosa'e;Lorosa'e;;Lorosa'e;;;;;;;;;x
d_lorosae_adj;Lorosa'ean;;lorosa'er;;;;;;;;;;;x
d_luang_prabang;Luang Prabang;Luang Prabang;Luang Prabang;;Luang Prabang;;;;;;;;;x
d_luang_prabang_adj;Luang Prabangian;;Luang Prabanger;;;;;;;;;;;x
d_luwu;Luwu;Luwu;Luwu;;Luwu;;;;;;;;;x
d_luwu_adj;Luwian;;luwer;;;;;;;;;;;x
d_luzhou;Luzhou;Luzhou;Luzhou;;Luzhou;;;;;;;;;x
d_luzhou_adj;Luzhian;;luzher;;;;;;;;;;;x
d_macau;Macau;Macau;Macau;;Macau;;;;;;;;;x
d_macau_adj;Macian;;macer;;;;;;;;;;;x
d_madang;Madang;Madang;Madang;;Madang;;;;;;;;;x
d_madang_adj;Madangian;;madanger;;;;;;;;;;;x
d_magwe;Magwe;Magwe;Magwe;;Magwe;;;;;;;;;x
d_magwe_adj;Magwean;;magwer;;;;;;;;;;;x
d_makassar;Makassar;Makassar;Makassar;;Makassar;;;;;;;;;x
d_makassar_adj;Makassarian;;makassarer;;;;;;;;;;;x
d_malada;Malada;Malada;Malada;;Malada;;;;;;;;;x
d_malada_adj;Maladan;;malader;;;;;;;;;;;x
d_malang;Malang;Malang;Malang;;Malang;;;;;;;;;x
d_malang_adj;Malangian;;malanger;;;;;;;;;;;x
d_maluku_tenggara;Maluku Tenggara;Maluku Tenggara;Maluku Tenggara;;Maluku Tenggara;;;;;;;;;x
d_maluku_tenggara_adj;Maluku Tenggaran;;Maluku Tenggarer;;;;;;;;;;;x
d_mandalay;Mandalay;Mandalay;Mandalay;;Mandalay;;;;;;;;;x
d_mandalay_adj;Mandalaian;;mandalaer;;;;;;;;;;;x
d_manila;Manila;Manila;Manila;;Manila;;;;;;;;;x
d_manila_adj;Manilan;;maniler;;;;;;;;;;;x
d_manipur;Manipur;Manipur;Manipur;;Manipur;;;;;;;;;x
d_manipur_adj;Manipurian;;manipurer;;;;;;;;;;;x
d_maoming;Maoming;Maoming;Maoming;;Maoming;;;;;;;;;x
d_maoming_adj;Maomingian;;maominger;;;;;;;;;;;x
d_mariana;Mariana;Mariana;Mariana;;Mariana;;;;;;;;;x
d_mariana_adj;Marianan;;marianer;;;;;;;;;;;x
d_mashike;Mashike;Mashike;Mashike;;Mashike;;;;;;;;;x
d_mashike_adj;Mashikean;;mashiker;;;;;;;;;;;x
d_maumere;Maumere;Maumere;Maumere;;Maumere;;;;;;;;;x
d_maumere_adj;Maumerean;;maumerer;;;;;;;;;;;x
d_medan;Medan;Medan;Medan;;Medan;;;;;;;;;x
d_medan_adj;Medanian;;medaner;;;;;;;;;;;x
d_meizhou;Meizhou;Meizhou;Meizhou;;Meizhou;;;;;;;;;x
d_meizhou_adj;Meizhian;;meizher;;;;;;;;;;;x
d_melaka;Melaka;Melaka;Melaka;;Melaka;;;;;;;;;x
d_melaka_adj;Melakan;;melaker;;;;;;;;;;;x
d_mianyang;Mianyang;Mianyang;Mianyang;;Mianyang;;;;;;;;;x
d_mianyang_adj;Mianyangian;;mianyanger;;;;;;;;;;;x
d_mimaro;Mimaro;Mimaro;Mimaro;;Mimaro;;;;;;;;;x
d_mimaro_adj;Mimarian;;mimarer;;;;;;;;;;;x
d_minahasa;Minahasa;Minahasa;Minahasa;;Minahasa;;;;;;;;;x
d_minahasa_adj;Minahasan;;minahaser;;;;;;;;;;;x
d_miri;Miri;Miri;Miri;;Miri;;;;;;;;;x
d_miri_adj;Mirian;;mirer;;;;;;;;;;;x
d_miyazaki;Miyazaki;Miyazaki;Miyazaki;;Miyazaki;;;;;;;;;x
d_miyazaki_adj;Miyazakian;;miyazaker;;;;;;;;;;;x
d_mizoram;Mizoram;Mizoram;Mizoram;;Mizoram;;;;;;;;;x
d_mizoram_adj;Mizoramian;;mizoramer;;;;;;;;;;;x
d_morobe;Morobe;Morobe;Morobe;;Morobe;;;;;;;;;x
d_morobe_adj;Morobean;;morober;;;;;;;;;;;x
d_morowali;Morowali;Morowali;Morowali;;Morowali;;;;;;;;;x
d_morowali_adj;Morowalian;;morowaler;;;;;;;;;;;x
d_mudanjiang;Mudanjiang;Mudanjiang;Mudanjiang;;Mudanjiang;;;;;;;;;x
d_mudanjiang_adj;Mudanjiangian;;mudanjianger;;;;;;;;;;;x
d_mukah;Mukah;Mukah;Mukah;;Mukah;;;;;;;;;x
d_mukah_adj;Mukahian;;mukaher;;;;;;;;;;;x
d_nagaland;Nagaland;Nagaland;Nagaland;;Nagaland;;;;;;;;;x
d_nagaland_adj;Nagalandian;;nagalander;;;;;;;;;;;x
d_nagano;Nagano;Nagano;Nagano;;Nagano;;;;;;;;;x
d_nagano_adj;Naganian;;naganer;;;;;;;;;;;x
d_nagasaki;Nagasaki;Nagasaki;Nagasaki;;Nagasaki;;;;;;;;;x
d_nagasaki_adj;Nagasakian;;nagasaker;;;;;;;;;;;x
d_nakhon_ratchasima;Nakhon Ratchasima;Nakhon Ratchasima;Nakhon Ratchasima;;Nakhon Ratchasima;;;;;;;;;x
d_nakhon_ratchasima_adj;Nakhon Ratchasiman;;Nakhon Ratchasimer;;;;;;;;;;;x
d_nakhon_sri_thammarat;Nakhon Sri Thammarat;Nakhon Sri Thammarat;Nakhon Sri Thammarat;;Nakhon Sri Thammarat;;;;;;;;;x
d_nakhon_sri_thammarat_adj;Nakhon Sri Thammaratian;;Nakhon Sri Thammarater;;;;;;;;;;;x
d_nam_dhinh;Nam Ðinh;Nam Ðinh;Nam Ðinh;;Nam Ðinh;;;;;;;;;x
d_nam_dhinh_adj;Nam Ðinhian;;Nam Ðinher;;;;;;;;;;;x
d_namsai;Namsai;Namsai;Namsai;;Namsai;;;;;;;;;x
d_namsai_adj;Namsian;;namser;;;;;;;;;;;x
d_nanning;Nanning;Nanning;Nanning;;Nanning;;;;;;;;;x
d_nanning_adj;Nanningian;;nanninger;;;;;;;;;;;x
d_negeri_sembilan;Negeri Sembilan;Negeri Sembilan;Negeri Sembilan;;Negeri Sembilan;;;;;;;;;x
d_negeri_sembilan_adj;Negeri Sembilanian;;Negeri Sembilaner;;;;;;;;;;;x
d_negros;Negros;Negros;Negros;;Negros;;;;;;;;;x
d_negros_adj;Negrosian;;negroser;;;;;;;;;;;x
d_neijiang;Neijiang;Neijiang;Neijiang;;Neijiang;;;;;;;;;x
d_neijiang_adj;Neijiangian;;neijianger;;;;;;;;;;;x
d_nghe_tinh;Nghê Tinh;Nghê Tinh;Nghê Tinh;;Nghê Tinh;;;;;;;;;x
d_nghe_tinh_adj;Nghê Tinhian;;Nghê Tinher;;;;;;;;;;;x
d_nicobar;Nicobar;Nicobar;Nicobar;;Nicobar;;;;;;;;;x
d_nicobar_adj;Nicobarian;;nicobarer;;;;;;;;;;;x
d_niigata;Niigata;Niigata;Niigata;;Niigata;;;;;;;;;x
d_niigata_adj;Niigatan;;niigater;;;;;;;;;;;x
d_ninh_thuan;Ninh Thuân;Ninh Thuân;Ninh Thuân;;Ninh Thuân;;;;;;;;;x
d_ninh_thuan_adj;Ninh Thuânian;;Ninh Thuâner;;;;;;;;;;;x
d_north_andaman;North Andaman;North Andaman;North Andaman;;North Andaman;;;;;;;;;x
d_north_andaman_adj;North Andamanian;;North Andamaner;;;;;;;;;;;x
d_oba;Oba;Oba;Oba;;Oba;;;;;;;;;x
d_oba_adj;Oban;;ober;;;;;;;;;;;x
d_ogan_komering;Ogan Komering;Ogan Komering;Ogan Komering;;Ogan Komering;;;;;;;;;x
d_ogan_komering_adj;Ogan Komeringian;;Ogan Komeringer;;;;;;;;;;;x
d_okayama;Okayama;Okayama;Okayama;;Okayama;;;;;;;;;x
d_okayama_adj;Okayaman;;okayamer;;;;;;;;;;;x
d_omi;Omi;Omi;Omi;;Omi;;;;;;;;;x
d_omi_adj;Omian;;omer;;;;;;;;;;;x
d_osaka;Osaka;Osaka;Osaka;;Osaka;;;;;;;;;x
d_osaka_adj;Osakan;;osaker;;;;;;;;;;;x
d_oshima;Oshima;Oshima;Oshima;;Oshima;;;;;;;;;x
d_oshima_adj;Oshiman;;oshimer;;;;;;;;;;;x
d_oshu;Oshu;Oshu;Oshu;;Oshu;;;;;;;;;x
d_oshu_adj;Oshian;;osher;;;;;;;;;;;x
d_oudong;Oudong;Oudong;Oudong;;Oudong;;;;;;;;;x
d_oudong_adj;Oudongian;;oudonger;;;;;;;;;;;x
d_pahang_dalaman;Pahang Dalaman;Pahang Dalaman;Pahang Dalaman;;Pahang Dalaman;;;;;;;;;x
d_pahang_dalaman_adj;Pahang Dalamanian;;Pahang Dalamaner;;;;;;;;;;;x
d_pahang_luar;Pahang Luar;Pahang Luar;Pahang Luar;;Pahang Luar;;;;;;;;;x
d_pahang_luar_adj;Pahang Luarian;;Pahang Luarer;;;;;;;;;;;x
d_palau;Palau;Palau;Palau;;Palau;;;;;;;;;x
d_palau_adj;Palian;;paler;;;;;;;;;;;x
d_palawan;Palawan;Palawan;Palawan;;Palawan;;;;;;;;;x
d_palawan_adj;Palawanian;;palawaner;;;;;;;;;;;x
d_palembang;Palembang;Palembang;Palembang;;Palembang;;;;;;;;;x
d_palembang_adj;Palembangian;;palembanger;;;;;;;;;;;x
d_palimonthon;Palimonthon;Palimonthon;Palimonthon;;Palimonthon;;;;;;;;;x
d_palimonthon_adj;Palimonthonian;;palimonthoner;;;;;;;;;;;x
d_palu;Palu;Palu;Palu;;Palu;;;;;;;;;x
d_palu_adj;Palian;;paler;;;;;;;;;;;x
d_panay;Panay;Panay;Panay;;Panay;;;;;;;;;x
d_panay_adj;Panaian;;panaer;;;;;;;;;;;x
d_pangasinan;Pangasinan;Pangasinan;Pangasinan;;Pangasinan;;;;;;;;;x
d_pangasinan_adj;Pangasinanian;;pangasinaner;;;;;;;;;;;x
d_pantai_barat;Pantai Barat;Pantai Barat;Pantai Barat;;Pantai Barat;;;;;;;;;x
d_pantai_barat_adj;Pantai Baratian;;Pantai Barater;;;;;;;;;;;x
d_panzhihua;Panzhihua;Panzhihua;Panzhihua;;Panzhihua;;;;;;;;;x
d_panzhihua_adj;Panzhihuan;;panzhiher;;;;;;;;;;;x
d_pare_pare;Pare-Pare;Pare-Pare;Pare-Pare;;Pare-Pare;;;;;;;;;x
d_pare_pare_adj;Pare-Parean;;pare-parer;;;;;;;;;;;x
d_paro;Paro;Paro;Paro;;Paro;;;;;;;;;x
d_paro_adj;Parian;;parer;;;;;;;;;;;x
d_partizansk;Partizansk;Partizansk;Partizansk;;Partizansk;;;;;;;;;x
d_partizansk_adj;Partizanskian;;partizansker;;;;;;;;;;;x
d_pattani;Pattani;Pattani;Pattani;;Pattani;;;;;;;;;x
d_pattani_adj;Pattanian;;pattaner;;;;;;;;;;;x
d_pedalaman;Pedalaman;Pedalaman;Pedalaman;;Pedalaman;;;;;;;;;x
d_pedalaman_adj;Pedalamanian;;pedalamaner;;;;;;;;;;;x
d_penang;Penang;Penang;Penang;;Penang;;;;;;;;;x
d_penang_adj;Penangian;;penanger;;;;;;;;;;;x
d_perak_selatan;Perak Selatan;Perak Selatan;Perak Selatan;;Perak Selatan;;;;;;;;;x
d_perak_selatan_adj;Perak Selatanian;;Perak Selataner;;;;;;;;;;;x
d_perlis;Perlis;Perlis;Perlis;;Perlis;;;;;;;;;x
d_perlis_adj;Perlisian;;perliser;;;;;;;;;;;x
d_phayao;Phayao;Phayao;Phayao;;Phayao;;;;;;;;;x
d_phayao_adj;Phaian;;phaer;;;;;;;;;;;x
d_phnom_penh;Phnom Penh;Phnom Penh;Phnom Penh;;Phnom Penh;;;;;;;;;x
d_phnom_penh_adj;Phnom Penhian;;Phnom Penher;;;;;;;;;;;x
d_phu_tho;Phú Tho;Phú Tho;Phú Tho;;Phú Tho;;;;;;;;;x
d_phu_tho_adj;Phú Thian;;Phú Ther;;;;;;;;;;;x
d_phuket;Phuket;Phuket;Phuket;;Phuket;;;;;;;;;x
d_phuket_adj;Phuketian;;phuketer;;;;;;;;;;;x
d_prachinburi;Prachinburi;Prachinburi;Prachinburi;;Prachinburi;;;;;;;;;x
d_prachinburi_adj;Prachinburian;;prachinburer;;;;;;;;;;;x
d_probolinggo;Probolinggo;Probolinggo;Probolinggo;;Probolinggo;;;;;;;;;x
d_probolinggo_adj;Probolinggian;;probolingger;;;;;;;;;;;x
d_puer;Pu'er;Pu'er;Pu'er;;Pu'er;;;;;;;;;x
d_puer_adj;Pu'erian;;pu'erer;;;;;;;;;;;x
d_pursat;Pursat;Pursat;Pursat;;Pursat;;;;;;;;;x
d_pursat_adj;Pursatian;;pursater;;;;;;;;;;;x
d_pusan;Pusan;Pusan;Pusan;;Pusan;;;;;;;;;x
d_pusan_adj;Pusanian;;pusaner;;;;;;;;;;;x
d_pyinmana;Pyinmana;Pyinmana;Pyinmana;;Pyinmana;;;;;;;;;x
d_pyinmana_adj;Pyinmanan;;pyinmaner;;;;;;;;;;;x
d_pyongyang;Pyongyang;Pyongyang;Pyongyang;;Pyongyang;;;;;;;;;x
d_pyongyang_adj;Pyongyangian;;pyongyanger;;;;;;;;;;;x
d_qiandongnan;Qiandongnan;Qiandongnan;Qiandongnan;;Qiandongnan;;;;;;;;;x
d_qiandongnan_adj;Qiandongnanian;;qiandongnaner;;;;;;;;;;;x
d_qiannan;Qiannan;Qiannan;Qiannan;;Qiannan;;;;;;;;;x
d_qiannan_adj;Qiannanian;;qiannaner;;;;;;;;;;;x
d_qianxinan;Qianxinan;Qianxinan;Qianxinan;;Qianxinan;;;;;;;;;x
d_qianxinan_adj;Qianxinanian;;qianxinaner;;;;;;;;;;;x
d_qingyang;Qingyang;Qingyang;Qingyang;;Qingyang;;;;;;;;;x
d_qingyang_adj;Qingyangian;;qingyanger;;;;;;;;;;;x
d_qingyuan;Qingyuan;Qingyuan;Qingyuan;;Qingyuan;;;;;;;;;x
d_qingyuan_adj;Qingyuanian;;qingyuaner;;;;;;;;;;;x
d_qinzhou;Qinzhou;Qinzhou;Qinzhou;;Qinzhou;;;;;;;;;x
d_qinzhou_adj;Qinzhian;;qinzher;;;;;;;;;;;x
d_qiqihar;Qiqihar;Qiqihar;Qiqihar;;Qiqihar;;;;;;;;;x
d_qiqihar_adj;Qiqiharian;;qiqiharer;;;;;;;;;;;x
d_quezon;Quezon;Quezon;Quezon;;Quezon;;;;;;;;;x
d_quezon_adj;Quezonian;;quezoner;;;;;;;;;;;x
d_rakhine;Rakhine;Rakhine;Rakhine;;Rakhine;;;;;;;;;x
d_rakhine_adj;Rakhinean;;rakhiner;;;;;;;;;;;x
d_ratchaburi;Ratchaburi;Ratchaburi;Ratchaburi;;Ratchaburi;;;;;;;;;x
d_ratchaburi_adj;Ratchaburian;;ratchaburer;;;;;;;;;;;x
d_rokan;Rokan;Rokan;Rokan;;Rokan;;;;;;;;;x
d_rokan_adj;Rokanian;;rokaner;;;;;;;;;;;x
d_ryukyu;Ryukyu;Ryukyu;Ryukyu;;Ryukyu;;;;;;;;;x
d_ryukyu_adj;Ryukian;;ryuker;;;;;;;;;;;x
d_saga;Saga;Saga;Saga;;Saga;;;;;;;;;x
d_saga_adj;Sagan;;sager;;;;;;;;;;;x
d_sagaing;Sagaing;Sagaing;Sagaing;;Sagaing;;;;;;;;;x
d_sagaing_adj;Sagaingian;;sagainger;;;;;;;;;;;x
d_sai_gon;Sài Gòn;Sài Gòn;Sài Gòn;;Sài Gòn;;;;;;;;;x
d_sai_gon_adj;Sài Gònian;;Sài Gòner;;;;;;;;;;;x
d_saitama;Saitama;Saitama;Saitama;;Saitama;;;;;;;;;x
d_saitama_adj;Saitaman;;saitamer;;;;;;;;;;;x
d_samar;Samar;Samar;Samar;;Samar;;;;;;;;;x
d_samar_adj;Samarian;;samarer;;;;;;;;;;;x
d_sandakan;Sandakan;Sandakan;Sandakan;;Sandakan;;;;;;;;;x
d_sandakan_adj;Sandakanian;;sandakaner;;;;;;;;;;;x
d_sanin;Sanin;Sanin;Sanin;;Sanin;;;;;;;;;x
d_sanin_adj;Saninian;;saniner;;;;;;;;;;;x
d_sarangani;Sarangani;Sarangani;Sarangani;;Sarangani;;;;;;;;;x
d_sarangani_adj;Saranganian;;saranganer;;;;;;;;;;;x
d_sariket;Sariket;Sariket;Sariket;;Sariket;;;;;;;;;x
d_sariket_adj;Sariketian;;sariketer;;;;;;;;;;;x
d_savannakhet;Savannakhet;Savannakhet;Savannakhet;;Savannakhet;;;;;;;;;x
d_savannakhet_adj;Savannakhetian;;savannakheter;;;;;;;;;;;x
d_selangor_utara;Selangor Utara;Selangor Utara;Selangor Utara;;Selangor Utara;;;;;;;;;x
d_selangor_utara_adj;Selangor Utaran;;Selangor Utarer;;;;;;;;;;;x
d_semarang;Semarang;Semarang;Semarang;;Semarang;;;;;;;;;x
d_semarang_adj;Semarangian;;semaranger;;;;;;;;;;;x
d_seoul;Seoul;Seoul;Seoul;;Seoul;;;;;;;;;x
d_seoul_adj;Seoulian;;seouler;;;;;;;;;;;x
d_sepik;Sepik;Sepik;Sepik;;Sepik;;;;;;;;;x
d_sepik_adj;Sepikian;;sepiker;;;;;;;;;;;x
d_seram;Seram;Seram;Seram;;Seram;;;;;;;;;x
d_seram_adj;Seramian;;seramer;;;;;;;;;;;x
d_seto;Seto;Seto;Seto;;Seto;;;;;;;;;x
d_seto_adj;Setian;;seter;;;;;;;;;;;x
d_shantou;Shantou;Shantou;Shantou;;Shantou;;;;;;;;;x
d_shantou_adj;Shantian;;shanter;;;;;;;;;;;x
d_shanwei;Shanwei;Shanwei;Shanwei;;Shanwei;;;;;;;;;x
d_shanwei_adj;Shanwian;;shanwer;;;;;;;;;;;x
d_shaoguan;Shaoguan;Shaoguan;Shaoguan;;Shaoguan;;;;;;;;;x
d_shaoguan_adj;Shaoguanian;;shaoguaner;;;;;;;;;;;x
d_shenyang;Shenyang;Shenyang;Shenyang;;Shenyang;;;;;;;;;x
d_shenyang_adj;Shenyangian;;shenyanger;;;;;;;;;;;x
d_shenzhen;Shenzhen;Shenzhen;Shenzhen;;Shenzhen;;;;;;;;;x
d_shenzhen_adj;Shenzhenian;;shenzhener;;;;;;;;;;;x
d_shiretoko;Shiretoko;Shiretoko;Shiretoko;;Shiretoko;;;;;;;;;x
d_shiretoko_adj;Shiretokian;;shiretoker;;;;;;;;;;;x
d_shizuoka;Shizuoka;Shizuoka;Shizuoka;;Shizuoka;;;;;;;;;x
d_shizuoka_adj;Shizuokan;;shizuoker;;;;;;;;;;;x
d_shuangyashan;Shuangyashan;Shuangyashan;Shuangyashan;;Shuangyashan;;;;;;;;;x
d_shuangyashan_adj;Shuangyashanian;;shuangyashaner;;;;;;;;;;;x
d_siak;Siak;Siak;Siak;;Siak;;;;;;;;;x
d_siak_adj;Siakian;;siaker;;;;;;;;;;;x
d_sibu;Sibu;Sibu;Sibu;;Sibu;;;;;;;;;x
d_sibu_adj;Sibian;;siber;;;;;;;;;;;x
d_siem_reap;Siem Reap;Siem Reap;Siem Reap;;Siem Reap;;;;;;;;;x
d_siem_reap_adj;Siem Reapian;;Siem Reaper;;;;;;;;;;;x
d_sierra_madre;Sierra Madre;Sierra Madre;Sierra Madre;;Sierra Madre;;;;;;;;;x
d_sierra_madre_adj;Sierra Madrean;;Sierra Madrer;;;;;;;;;;;x
d_singapore;Singapore;Singapore;Singapore;;Singapore;;;;;;;;;x
d_singapore_adj;Singaporean;;singaporer;;;;;;;;;;;x
d_singkawang;Singkawang;Singkawang;Singkawang;;Singkawang;;;;;;;;;x
d_singkawang_adj;Singkawangian;;singkawanger;;;;;;;;;;;x
d_siping;Siping;Siping;Siping;;Siping;;;;;;;;;x
d_siping_adj;Sipingian;;sipinger;;;;;;;;;;;x
d_solo;Solo;Solo;Solo;;Solo;;;;;;;;;x
d_solo_adj;Solian;;soler;;;;;;;;;;;x
d_son_la;Son La;Son La;Son La;;Son La;;;;;;;;;x
d_son_la_adj;Son Lan;;Son Ler;;;;;;;;;;;x
d_songkhla;Songkhla;Songkhla;Songkhla;;Songkhla;;;;;;;;;x
d_songkhla_adj;Songkhlan;;songkhler;;;;;;;;;;;x
d_songyuan;Songyuan;Songyuan;Songyuan;;Songyuan;;;;;;;;;x
d_songyuan_adj;Songyuanian;;songyuaner;;;;;;;;;;;x
d_south_andaman;South Andaman;South Andaman;South Andaman;;South Andaman;;;;;;;;;x
d_south_andaman_adj;South Andamanian;;South Andamaner;;;;;;;;;;;x
d_sri_aman;Sri Aman;Sri Aman;Sri Aman;;Sri Aman;;;;;;;;;x
d_sri_aman_adj;Sri Amanian;;Sri Amaner;;;;;;;;;;;x
d_subansari;Subansari;Subansari;Subansari;;Subansari;;;;;;;;;x
d_subansari_adj;Subansarian;;subansarer;;;;;;;;;;;x
d_suihua;Suihua;Suihua;Suihua;;Suihua;;;;;;;;;x
d_suihua_adj;Suihuan;;suiher;;;;;;;;;;;x
d_suining;Suining;Suining;Suining;;Suining;;;;;;;;;x
d_suining_adj;Suiningian;;suininger;;;;;;;;;;;x
d_sukhothai;Sukhothai;Sukhothai;Sukhothai;;Sukhothai;;;;;;;;;x
d_sukhothai_adj;Sukhothian;;sukhother;;;;;;;;;;;x
d_sulbar;Sulbar;Sulbar;Sulbar;;Sulbar;;;;;;;;;x
d_sulbar_adj;Sulbarian;;sulbarer;;;;;;;;;;;x
d_sulu;Sulu;Sulu;Sulu;;Sulu;;;;;;;;;x
d_sulu_adj;Sulian;;suler;;;;;;;;;;;x
d_sumba;Sumba;Sumba;Sumba;;Sumba;;;;;;;;;x
d_sumba_adj;Sumban;;sumber;;;;;;;;;;;x
d_sumbar;Sumbar;Sumbar;Sumbar;;Sumbar;;;;;;;;;x
d_sumbar_adj;Sumbarian;;sumbarer;;;;;;;;;;;x
d_sumbawa;Sumbawa;Sumbawa;Sumbawa;;Sumbawa;;;;;;;;;x
d_sumbawa_adj;Sumbawan;;sumbawer;;;;;;;;;;;x
d_surabaya;Surabaya;Surabaya;Surabaya;;Surabaya;;;;;;;;;x
d_surabaya_adj;Surabayan;;surabaer;;;;;;;;;;;x
d_surat;Surat;Surat;Surat;;Surat;;;;;;;;;x
d_surat_adj;Suratian;;surater;;;;;;;;;;;x
d_surigao;Surigao;Surigao;Surigao;;Surigao;;;;;;;;;x
d_surigao_adj;Surigian;;suriger;;;;;;;;;;;x
d_tacheng;Tacheng;Tacheng;Tacheng;;Tacheng;;;;;;;;;x
d_tacheng_adj;Tachengian;;tachenger;;;;;;;;;;;x
d_taegu;Taegu;Taegu;Taegu;;Taegu;;;;;;;;;x
d_taegu_adj;Taegian;;taeger;;;;;;;;;;;x
d_tainan;Tainan;Tainan;Tainan;;Tainan;;;;;;;;;x
d_tainan_adj;Tainanian;;tainaner;;;;;;;;;;;x
d_taipeh;Taipeh;Taipeh;Taipeh;;Taipeh;;;;;;;;;x
d_taipeh_adj;Taipehian;;taipeher;;;;;;;;;;;x
d_taitung;Taitung;Taitung;Taitung;;Taitung;;;;;;;;;x
d_taitung_adj;Taitungian;;taitunger;;;;;;;;;;;x
d_taiwanfu;Taiwanfu;Taiwanfu;Taiwanfu;;Taiwanfu;;;;;;;;;x
d_taiwanfu_adj;Taiwanfian;;taiwanfer;;;;;;;;;;;x
d_tapanuli;Tapanuli;Tapanuli;Tapanuli;;Tapanuli;;;;;;;;;x
d_tapanuli_adj;Tapanulian;;tapanuler;;;;;;;;;;;x
d_taungyi;Taungyi;Taungyi;Taungyi;;Taungyi;;;;;;;;;x
d_taungyi_adj;Taungian;;taunger;;;;;;;;;;;x
d_tawau;Tawau;Tawau;Tawau;;Tawau;;;;;;;;;x
d_tawau_adj;Tawian;;tawer;;;;;;;;;;;x
d_tay_ninh;Tây Ninh;Tây Ninh;Tây Ninh;;Tây Ninh;;;;;;;;;x
d_tay_ninh_adj;Tây Ninhian;;Tây Ninher;;;;;;;;;;;x
d_tenasserim;Tenasserim;Tenasserim;Tenasserim;;Tenasserim;;;;;;;;;x
d_tenasserim_adj;Tenasserimian;;tenasserimer;;;;;;;;;;;x
d_terengganu;Terengganu;Terengganu;Terengganu;;Terengganu;;;;;;;;;x
d_terengganu_adj;Terengganian;;terengganer;;;;;;;;;;;x
d_ternate_tidore;Ternate-Tidore;Ternate-Tidore;Ternate-Tidore;;Ternate-Tidore;;;;;;;;;x
d_ternate_tidore_adj;Ternate-Tidorean;;ternate-tidorer;;;;;;;;;;;x
d_thanton;Thanton;Thanton;Thanton;;Thanton;;;;;;;;;x
d_thanton_adj;Thantonian;;thantoner;;;;;;;;;;;x
d_the_gulf;the Gulf;the Gulf;the Gulf;;the Gulf;;;;;;;;;x
d_the_gulf_adj;the Gulfian;;the Gulfer;;;;;;;;;;;x
d_thua_thien;Thua Thiên;Thua Thiên;Thua Thiên;;Thua Thiên;;;;;;;;;x
d_thua_thien_adj;Thua Thiênian;;Thua Thiêner;;;;;;;;;;;x
d_tieling;Tieling;Tieling;Tieling;;Tieling;;;;;;;;;x
d_tieling_adj;Tielingian;;tielinger;;;;;;;;;;;x
d_timbar;Timbar;Timbar;Timbar;;Timbar;;;;;;;;;x
d_timbar_adj;Timbarian;;timbarer;;;;;;;;;;;x
d_tochigi;Tochigi;Tochigi;Tochigi;;Tochigi;;;;;;;;;x
d_tochigi_adj;Tochigian;;tochiger;;;;;;;;;;;x
d_tokyo;Tokyo;Tokyo;Tokyo;;Tokyo;;;;;;;;;x
d_tokyo_adj;Tokian;;toker;;;;;;;;;;;x
d_tomini;Tomini;Tomini;Tomini;;Tomini;;;;;;;;;x
d_tomini_adj;Tominian;;tominer;;;;;;;;;;;x
d_tomuraushi;Tomuraushi;Tomuraushi;Tomuraushi;;Tomuraushi;;;;;;;;;x
d_tomuraushi_adj;Tomuraushian;;tomurausher;;;;;;;;;;;x
d_tonghua;Tonghua;Tonghua;Tonghua;;Tonghua;;;;;;;;;x
d_tonghua_adj;Tonghuan;;tongher;;;;;;;;;;;x
d_tongren;Tongren;Tongren;Tongren;;Tongren;;;;;;;;;x
d_tongren_adj;Tongrenian;;tongrener;;;;;;;;;;;x
d_torres_strait;Torres Strait;Torres Strait;Torres Strait;;Torres Strait;;;;;;;;;x
d_torres_strait_adj;Torres Straitian;;Torres Straiter;;;;;;;;;;;x
d_tripura;Tripura;Tripura;Tripura;;Tripura;;;;;;;;;x
d_tripura_adj;Tripuran;;tripurer;;;;;;;;;;;x
d_turpan;Turpan;Turpan;Turpan;;Turpan;;;;;;;;;x
d_turpan_adj;Turpanian;;turpaner;;;;;;;;;;;x
d_ubon;Ubon;Ubon;Ubon;;Ubon;;;;;;;;;x
d_ubon_adj;Ubonian;;uboner;;;;;;;;;;;x
d_udon_thani;Udon Thani;Udon Thani;Udon Thani;;Udon Thani;;;;;;;;;x
d_udon_thani_adj;Udon Thanian;;Udon Thaner;;;;;;;;;;;x
d_ussuriysk;Ussuriysk;Ussuriysk;Ussuriysk;;Ussuriysk;;;;;;;;;x
d_ussuriysk_adj;Ussuriyskian;;ussuriysker;;;;;;;;;;;x
d_uthaithani;Uthaithani;Uthaithani;Uthaithani;;Uthaithani;;;;;;;;;x
d_uthaithani_adj;Uthaithanian;;uthaithaner;;;;;;;;;;;x
d_vientiane;Vientiane;Vientiane;Vientiane;;Vientiane;;;;;;;;;x
d_vientiane_adj;Vientianean;;vientianer;;;;;;;;;;;x
d_vladivostok;Vladivostok;Vladivostok;Vladivostok;;Vladivostok;;;;;;;;;x
d_vladivostok_adj;Vladivostokian;;vladivostoker;;;;;;;;;;;x
d_wa;Wa;Wa;Wa;;Wa;;;;;;;;;x
d_wa_adj;Wan;;wer;;;;;;;;;;;x
d_wakayama;Wakayama;Wakayama;Wakayama;;Wakayama;;;;;;;;;x
d_wakayama_adj;Wakayaman;;wakayamer;;;;;;;;;;;x
d_wenshan;Wenshan;Wenshan;Wenshan;;Wenshan;;;;;;;;;x
d_wenshan_adj;Wenshanian;;wenshaner;;;;;;;;;;;x
d_wonsan;Wonsan;Wonsan;Wonsan;;Wonsan;;;;;;;;;x
d_wonsan_adj;Wonsanian;;wonsaner;;;;;;;;;;;x
d_wunpawng;Wunpawng;Wunpawng;Wunpawng;;Wunpawng;;;;;;;;;x
d_wunpawng_adj;Wunpawngian;;wunpawnger;;;;;;;;;;;x
d_wuwei;Wuwei;Wuwei;Wuwei;;Wuwei;;;;;;;;;x
d_wuwei_adj;Wuwian;;wuwer;;;;;;;;;;;x
d_wuzhou;Wuzhou;Wuzhou;Wuzhou;;Wuzhou;;;;;;;;;x
d_wuzhou_adj;Wuzhian;;wuzher;;;;;;;;;;;x
d_xiangkhouang;Xiangkhouang;Xiangkhouang;Xiangkhouang;;Xiangkhouang;;;;;;;;;x
d_xiangkhouang_adj;Xiangkhouangian;;xiangkhouanger;;;;;;;;;;;x
d_xishuangbanna;Xishuangbanna;Xishuangbanna;Xishuangbanna;;Xishuangbanna;;;;;;;;;x
d_xishuangbanna_adj;Xishuangbannan;;xishuangbanner;;;;;;;;;;;x
d_yaan;Ya'an;Ya'an;Ya'an;;Ya'an;;;;;;;;;x
d_yaan_adj;Ya'anian;;ya'aner;;;;;;;;;;;x
d_yamaguchi;Yamaguchi;Yamaguchi;Yamaguchi;;Yamaguchi;;;;;;;;;x
d_yamaguchi_adj;Yamaguchian;;yamagucher;;;;;;;;;;;x
d_yanbian;Yanbian;Yanbian;Yanbian;;Yanbian;;;;;;;;;x
d_yanbian_adj;Yanbianian;;yanbianer;;;;;;;;;;;x
d_yangjiang;Yangjiang;Yangjiang;Yangjiang;;Yangjiang;;;;;;;;;x
d_yangjiang_adj;Yangjiangian;;yangjianger;;;;;;;;;;;x
d_yangon;Yangon;Yangon;Yangon;;Yangon;;;;;;;;;x
d_yangon_adj;Yangonian;;yangoner;;;;;;;;;;;x
d_yap;Yap;Yap;Yap;;Yap;;;;;;;;;x
d_yap_adj;Yapian;;yaper;;;;;;;;;;;x
d_yaponskoye_morye;Yaponskoye Morye;Yaponskoye Morye;Yaponskoye Morye;;Yaponskoye Morye;;;;;;;;;x
d_yaponskoye_morye_adj;Yaponskoye Moryean;;Yaponskoye Morer;;;;;;;;;;;x
d_yen_bai;Yên Bái;Yên Bái;Yên Bái;;Yên Bái;;;;;;;;;x
d_yen_bai_adj;Yên Báian;;Yên Báer;;;;;;;;;;;x
d_yibin;Yibin;Yibin;Yibin;;Yibin;;;;;;;;;x
d_yibin_adj;Yibinian;;yibiner;;;;;;;;;;;x
d_yichun;Yichun;Yichun;Yichun;;Yichun;;;;;;;;;x
d_yichun_adj;Yichunian;;yichuner;;;;;;;;;;;x
d_yili;Yili;Yili;Yili;;Yili;;;;;;;;;x
d_yili_adj;Yilian;;yiler;;;;;;;;;;;x
d_yingkou;Yingkou;Yingkou;Yingkou;;Yingkou;;;;;;;;;x
d_yingkou_adj;Yingkian;;yingker;;;;;;;;;;;x
d_yogyakarta;Yogyakarta;Yogyakarta;Yogyakarta;;Yogyakarta;;;;;;;;;x
d_yogyakarta_adj;Yogyakartan;;yogyakarter;;;;;;;;;;;x
d_yulin;Yulin;Yulin;Yulin;;Yulin;;;;;;;;;x
d_yulin_adj;Yulinian;;yuliner;;;;;;;;;;;x
d_yunfu;Yunfu;Yunfu;Yunfu;;Yunfu;;;;;;;;;x
d_yunfu_adj;Yunfian;;yunfer;;;;;;;;;;;x
d_yuxi;Yuxi;Yuxi;Yuxi;;Yuxi;;;;;;;;;x
d_yuxi_adj;Yuxian;;yuxer;;;;;;;;;;;x
d_zamboanga;Zamboanga;Zamboanga;Zamboanga;;Zamboanga;;;;;;;;;x
d_zamboanga_adj;Zamboangan;;zamboanger;;;;;;;;;;;x
d_zamboanga_del_norte;Zamboanga del Norte;Zamboanga del Norte;Zamboanga del Norte;;Zamboanga del Norte;;;;;;;;;x
d_zamboanga_del_norte_adj;Zamboanga del Nortean;;Zamboanga del Norter;;;;;;;;;;;x
d_zhangye;Zhangye;Zhangye;Zhangye;;Zhangye;;;;;;;;;x
d_zhangye_adj;Zhangyean;;zhanger;;;;;;;;;;;x
d_zhanjiang;Zhanjiang;Zhanjiang;Zhanjiang;;Zhanjiang;;;;;;;;;x
d_zhanjiang_adj;Zhanjiangian;;zhanjianger;;;;;;;;;;;x
d_zhaoqing;Zhaoqing;Zhaoqing;Zhaoqing;;Zhaoqing;;;;;;;;;x
d_zhaoqing_adj;Zhaoqingian;;zhaoqinger;;;;;;;;;;;x
d_zhaotong;Zhaotong;Zhaotong;Zhaotong;;Zhaotong;;;;;;;;;x
d_zhaotong_adj;Zhaotongian;;zhaotonger;;;;;;;;;;;x
d_zhuhai;Zhuhai;Zhuhai;Zhuhai;;Zhuhai;;;;;;;;;x
d_zhuhai_adj;Zhuhian;;zhuher;;;;;;;;;;;x
d_zunyi;Zunyi;Zunyi;Zunyi;;Zunyi;;;;;;;;;x
d_zunyi_adj;Zunian;;zuner;;;;;;;;;;;x
