PROV1;Oshima;Oshima;Oshima;;;;;;;;;x
PROV2;Hiyama;Hiyama;Hiyama;;;;;;;;;x
PROV3;Setana;Setana;Setana;;;;;;;;;x
PROV4;Shiribeshi;Shiribeshi;Shiribeshi;;;;;;;;;x
PROV5;Ishikari;Ishikari;Ishikari;;;;;;;;;x
PROV6;Sorachi;Sorachi;Sorachi;;;;;;;;;x
PROV7;Iburi;Iburi;Iburi;;;;;;;;;x
PROV8;Hidaka;Hidaka;Hidaka;;;;;;;;;x
PROV9;Rumoi;Rumoi;Rumoi;;;;;;;;;x
PROV10;Soya;Soya;Soya;;;;;;;;;x
PROV11;Nakagawa;Nakagawa;Nakagawa;;;;;;;;;x
PROV12;Kamikawa;Kamikawa;Kamikawa;;;;;;;;;x
PROV13;Monbetsu;Monbetsu;Monbetsu;;;;;;;;;x
PROV14;Ohotsuku;Ohotsuku;Ohotsuku;;;;;;;;;x
PROV15;Nemuro;Nemuro;Nemuro;;;;;;;;;x
PROV16;Kuriru;Kuriru;Kuriru;;;;;;;;;x
PROV17;Kushiro;Kushiro;Kushiro;;;;;;;;;x
PROV18;Obihiro;Obihiro;Obihiro;;;;;;;;;x
PROV19;Tokachi;Tokachi;Tokachi;;;;;;;;;x
PROV20;Tsugaru;Tsugaru;Tsugaru;;;;;;;;;x
PROV21;Aomori;Aomori;Aomori;;;;;;;;;x
PROV22;Shimokita;Shimokita;Shimokita;;;;;;;;;x
PROV23;Ugo;Ugo;Ugo;;;;;;;;;x
PROV24;Akita;Akita;Akita;;;;;;;;;x
PROV25;Akumi;Akumi;Akumi;;;;;;;;;x
PROV26;Tsuruoka;Tsuruoka;Tsuruoka;;;;;;;;;x
PROV27;Yamagata;Yamagata;Yamagata;;;;;;;;;x
PROV28;Kunohe;Kunohe;Kunohe;;;;;;;;;x
PROV29;Iwate;Iwate;Iwate;;;;;;;;;x
PROV30;Nishiiwai;Nishiiwai;Nishiiwai;;;;;;;;;x
PROV31;Miyagi;Miyagi;Miyagi;;;;;;;;;x
PROV32;Sendai;Sendai;Sendai;;;;;;;;;x
PROV33;Aizu;Aizu;Aizu;;;;;;;;;x
PROV34;Nakadori;Nakadori;Nakadori;;;;;;;;;x
PROV35;Hamadori;Hamadori;Hamadori;;;;;;;;;x
PROV36;Myogi;Myogi;Myogi;;;;;;;;;x
PROV37;Agatsuma;Agatsuma;Agatsuma;;;;;;;;;x
PROV38;Takasaki;Takasaki;Takasaki;;;;;;;;;x
PROV39;Shiobara;Shiobara;Shiobara;;;;;;;;;x
PROV40;Oya;Oya;Oya;;;;;;;;;x
PROV41;Omoi;Omoi;Omoi;;;;;;;;;x
PROV42;Mito;Mito;Mito;;;;;;;;;x
PROV43;Tsukuba;Tsukuba;Tsukuba;;;;;;;;;x
PROV44;Shimosa;Shimosa;Shimosa;;;;;;;;;x
PROV45;Chiba;Chiba;Chiba;;;;;;;;;x
PROV46;Sotobo;Sotobo;Sotobo;;;;;;;;;x
PROV47;Izu;Izu;Izu;;;;;;;;;x
PROV48;Hachijo;Hachijo;Hachijo;;;;;;;;;x
PROV49;Ogasawara;Ogasawara;Ogasawara;;;;;;;;;x
PROV50;Buko;Buko;Buko;;;;;;;;;x
PROV51;Omiya;Omiya;Omiya;;;;;;;;;x
PROV52;Tama;Tama;Tama;;;;;;;;;x
PROV53;Tokyo;Tokyo;Tokyo;;;;;;;;;x
PROV54;Hakone;Hakone;Hakone;;;;;;;;;x
PROV55;Sagami;Sagami;Sagami;;;;;;;;;x
PROV56;Niigata;Niigata;Niigata;;;;;;;;;x
PROV57;Shinano;Shinano;Shinano;;;;;;;;;x
PROV58;Kasugayama;Kasugayama;Kasugayama;;;;;;;;;x
PROV59;Sado;Sado;Sado;;;;;;;;;x
PROV60;Nagano;Nagano;Nagano;;;;;;;;;x
PROV61;Matsumoto;Matsumoto;Matsumoto;;;;;;;;;x
PROV62;Shimoina;Shimoina;Shimoina;;;;;;;;;x
PROV63;Yamanashi;Yamanashi;Yamanashi;;;;;;;;;x
PROV64;Hamana;Hamana;Hamana;;;;;;;;;x
PROV65;Sunpu;Sunpu;Sunpu;;;;;;;;;x
PROV66;Takayama;Takayama;Takayama;;;;;;;;;x
PROV67;Toki;Toki;Toki;;;;;;;;;x
PROV68;Gifu;Gifu;Gifu;;;;;;;;;x
PROV69;Nagoya;Nagoya;Nagoya;;;;;;;;;x
PROV70;Toyota;Toyota;Toyota;;;;;;;;;x
PROV71;Toyama;Toyama;Toyama;;;;;;;;;x
PROV72;Noto;Noto;Noto;;;;;;;;;x
PROV73;Kaga;Kaga;Kaga;;;;;;;;;x
PROV74;Fukui;Fukui;Fukui;;;;;;;;;x
PROV75;Wakasa;Wakasa;Wakasa;;;;;;;;;x
PROV76;Shiga;Shiga;Shiga;;;;;;;;;x
PROV77;Hikone;Hikone;Hikone;;;;;;;;;x
PROV78;Mie;Mie;Mie;;;;;;;;;x
PROV79;Ise;Ise;Ise;;;;;;;;;x
PROV80;Tango;Tango;Tango;;;;;;;;;x
PROV81;Kyoto;Kyoto;Kyoto;;;;;;;;;x
PROV82;Nara;Nara;Nara;;;;;;;;;x
PROV83;Yoshino;Yoshino;Yoshino;;;;;;;;;x
PROV84;Tajima;Tajima;Tajima;;;;;;;;;x
PROV85;Himeji;Himeji;Himeji;;;;;;;;;x
PROV86;Kobe;Kobe;Kobe;;;;;;;;;x
PROV87;Hirakata;Hirakata;Hirakata;;;;;;;;;x
PROV88;Osaka;Osaka;Osaka;;;;;;;;;x
PROV89;Awaji;Awaji;Awaji;;;;;;;;;x
PROV90;Wakayama;Wakayama;Wakayama;;;;;;;;;x
PROV91;Tanabe;Tanabe;Tanabe;;;;;;;;;x
PROV92;Kii;Kii;Kii;;;;;;;;;x
PROV93;Shodo;Shodo;Shodo;;;;;;;;;x
PROV94;Kagawa;Kagawa;Kagawa;;;;;;;;;x
PROV95;Ehime;Ehime;Ehime;;;;;;;;;x
PROV96;Nanyo;Nanyo;Nanyo;;;;;;;;;x
PROV97;Tokushima;Tokushima;Tokushima;;;;;;;;;x
PROV98;Kochi;Kochi;Kochi;;;;;;;;;x
PROV99;Shimanto;Shimanto;Shimanto;;;;;;;;;x
PROV100;Oki;Oki;Oki;;;;;;;;;x
PROV101;Tottori;Tottori;Tottori;;;;;;;;;x
PROV102;Shimane;Shimane;Shimane;;;;;;;;;x
PROV103;Iwami;Iwami;Iwami;;;;;;;;;x
PROV104;Hamada;Hamada;Hamada;;;;;;;;;x
PROV105;Tsuyama;Tsuyama;Tsuyama;;;;;;;;;x
PROV106;Okayama;Okayama;Okayama;;;;;;;;;x
PROV107;Kurashiki;Kurashiki;Kurashiki;;;;;;;;;x
PROV108;Miyoshi;Miyoshi;Miyoshi;;;;;;;;;x
PROV109;Aki;Aki;Aki;;;;;;;;;x
PROV110;Hiroshima;Hiroshima;Hiroshima;;;;;;;;;x
PROV111;Nishiki;Nishiki;Nishiki;;;;;;;;;x
PROV112;Yamaguchi;Yamaguchi;Yamaguchi;;;;;;;;;x
PROV113;Nagato;Nagato;Nagato;;;;;;;;;x
PROV114;Fukuoka;Fukuoka;Fukuoka;;;;;;;;;x
PROV115;Kurume;Kurume;Kurume;;;;;;;;;x
PROV116;Beppu;Beppu;Beppu;;;;;;;;;x
PROV117;Oita;Oita;Oita;;;;;;;;;x
PROV118;Saga;Saga;Saga;;;;;;;;;x
PROV119;Iki;Iki;Iki;;;;;;;;;x
PROV120;Tsushima;Tsushima;Tsushima;;;;;;;;;x
PROV121;Nagasaki;Nagasaki;Nagasaki;;;;;;;;;x
PROV122;Goto;Goto;Goto;;;;;;;;;x
PROV123;Shimabara;Shimabara;Shimabara;;;;;;;;;x
PROV124;Kumamoto;Kumamoto;Kumamoto;;;;;;;;;x
PROV125;Yatsushiro;Yatsushiro;Yatsushiro;;;;;;;;;x
PROV126;Amakusa;Amakusa;Amakusa;;;;;;;;;x
PROV127;Hyuga;Hyuga;Hyuga;;;;;;;;;x
PROV128;Miyazaki;Miyazaki;Miyazaki;;;;;;;;;x
PROV129;Kirishima;Kirishima;Kirishima;;;;;;;;;x
PROV130;Satsuma;Satsuma;Satsuma;;;;;;;;;x
PROV131;Osumi;Osumi;Osumi;;;;;;;;;x
PROV132;Tanegashima;Tanegashima;Tanegashima;;;;;;;;;x
PROV133;Amami;Amami;Amami;;;;;;;;;x
PROV134;Okinawa;Okinawa;Okinawa;;;;;;;;;x
PROV135;Miyae;Miyae;Miyae;;;;;;;;;x
PROV136;Hà Nôi;Hà Nôi;Hà Nôi;;;;;;;;;x
PROV137;Vinh Phúc;Vinh Phúc;Vinh Phúc;;;;;;;;;x
PROV138;Bac Ninh;Bac Ninh;Bac Ninh;;;;;;;;;x
PROV139;Hung Yên;Hung Yên;Hung Yên;;;;;;;;;x
PROV140;Hai Phòng;Hai Phòng;Hai Phòng;;;;;;;;;x
PROV141;Hai Duong;Hai Duong;Hai Duong;;;;;;;;;x
PROV142;Thái Bình;Thái Bình;Thái Bình;;;;;;;;;x
PROV143;Nam Ðinh;Nam Ðinh;Nam Ðinh;;;;;;;;;x
PROV144;Hà Nam;Hà Nam;Hà Nam;;;;;;;;;x
PROV145;Ninh Bình;Ninh Bình;Ninh Bình;;;;;;;;;x
PROV146;Quang Ninh;Quang Ninh;Quang Ninh;;;;;;;;;x
PROV147;Lang Son;Lang Son;Lang Son;;;;;;;;;x
PROV148;Bac Giang;Bac Giang;Bac Giang;;;;;;;;;x
PROV149;Hà Giang;Hà Giang;Hà Giang;;;;;;;;;x
PROV150;Cao Bang;Cao Bang;Cao Bang;;;;;;;;;x
PROV151;Bac Kan;Bac Kan;Bac Kan;;;;;;;;;x
PROV152;Phú Tho;Phú Tho;Phú Tho;;;;;;;;;x
PROV153;Tuyên Quang;Tuyên Quang;Tuyên Quang;;;;;;;;;x
PROV154;Thái Nguyên;Thái Nguyên;Thái Nguyên;;;;;;;;;x
PROV155;Son La;Son La;Son La;;;;;;;;;x
PROV156;Hòa Bình;Hòa Bình;Hòa Bình;;;;;;;;;x
PROV157;Ðiên Biên;Ðiên Biên;Ðiên Biên;;;;;;;;;x
PROV158;Yên Bái;Yên Bái;Yên Bái;;;;;;;;;x
PROV159;Lai Châu;Lai Châu;Lai Châu;;;;;;;;;x
PROV160;Lào Cai;Lào Cai;Lào Cai;;;;;;;;;x
PROV161;Huê;Huê;Huê;;;;;;;;;x
PROV162;Quang Bình;Quang Bình;Quang Bình;;;;;;;;;x
PROV163;Quang Tri;Quang Tri;Quang Tri;;;;;;;;;x
PROV164;Thanh Hóa;Thanh Hóa;Thanh Hóa;;;;;;;;;x
PROV165;Nghê An;Nghê An;Nghê An;;;;;;;;;x
PROV166;Hà Tinh;Hà Tinh;Hà Tinh;;;;;;;;;x
PROV167;Ðà Nang;Ðà Nang;Ðà Nang;;;;;;;;;x
PROV168;Quang Nam;Quang Nam;Quang Nam;;;;;;;;;x
PROV169;Quang Ngai;Quang Ngai;Quang Ngai;;;;;;;;;x
PROV170;Bình Ðinh;Bình Ðinh;Bình Ðinh;;;;;;;;;x
PROV171;Ninh Thuân;Ninh Thuân;Ninh Thuân;;;;;;;;;x
PROV172;Bình Thuân;Bình Thuân;Bình Thuân;;;;;;;;;x
PROV173;Phú Yên;Phú Yên;Phú Yên;;;;;;;;;x
PROV174;Khánh Hòa;Khánh Hòa;Khánh Hòa;;;;;;;;;x
PROV175;Gia Lai;Gia Lai;Gia Lai;;;;;;;;;x
PROV176;Kon Tum;Kon Tum;Kon Tum;;;;;;;;;x
PROV177;Ðak Lak;Ðak Lak;Ðak Lak;;;;;;;;;x
PROV178;Ðak Nong;Ðak Nong;Ðak Nong;;;;;;;;;x
PROV179;Lâm Ðông;Lâm Ðông;Lâm Ðông;;;;;;;;;x
PROV180;Sài Gòn;Sài Gòn;Sài Gòn;;;;;;;;;x
PROV181;Ðông Nai;Ðông Nai;Ðông Nai;;;;;;;;;x
PROV182;Phuoc Tuy;Phuoc Tuy;Phuoc Tuy;;;;;;;;;x
PROV183;Tây Ninh;Tây Ninh;Tây Ninh;;;;;;;;;x
PROV184;Bình Phuoc;Bình Phuoc;Bình Phuoc;;;;;;;;;x
PROV185;Bình Duong;Bình Duong;Bình Duong;;;;;;;;;x
PROV186;Ðông Tháp;Ðông Tháp;Ðông Tháp;;;;;;;;;x
PROV187;Long An;Long An;Long An;;;;;;;;;x
PROV188;Tiên Giang;Tiên Giang;Tiên Giang;;;;;;;;;x
PROV189;Bên Tre;Bên Tre;Bên Tre;;;;;;;;;x
PROV190;Sóc Trang;Sóc Trang;Sóc Trang;;;;;;;;;x
PROV191;Vinh Long;Vinh Long;Vinh Long;;;;;;;;;x
PROV192;Trà Vinh;Trà Vinh;Trà Vinh;;;;;;;;;x
PROV193;Cân Tho;Cân Tho;Cân Tho;;;;;;;;;x
PROV194;An Giang;An Giang;An Giang;;;;;;;;;x
PROV195;Hâu Giang;Hâu Giang;Hâu Giang;;;;;;;;;x
PROV196;Sa Ðéc;Sa Ðéc;Sa Ðéc;;;;;;;;;x
PROV197;Kiên Giang;Kiên Giang;Kiên Giang;;;;;;;;;x
PROV198;Cà Mau;Cà Mau;Cà Mau;;;;;;;;;x
PROV199;Bac Liêu;Bac Liêu;Bac Liêu;;;;;;;;;x
PROV200;Cavite;Cavite;Cavite;;;;;;;;;x
PROV201;Batangas;Batangas;Batangas;;;;;;;;;x
PROV202;Manila;Manila;Manila;;;;;;;;;x
PROV203;Rizal;Rizal;Rizal;;;;;;;;;x
PROV204;Laguna;Laguna;Laguna;;;;;;;;;x
PROV205;Tayabas;Tayabas;Tayabas;;;;;;;;;x
PROV206;Polillo;Polillo;Polillo;;;;;;;;;x
PROV207;Quezon;Quezon;Quezon;;;;;;;;;x
PROV208;Camarines Norte;Camarines Norte;Camarines Norte;;;;;;;;;x
PROV209;Oriental Mindoro;Oriental Mindoro;Oriental Mindoro;;;;;;;;;x
PROV210;Occidental Mindoro;Occidental Mindoro;Occidental Mindoro;;;;;;;;;x
PROV211;Romblon;Romblon;Romblon;;;;;;;;;x
PROV212;Marinduque;Marinduque;Marinduque;;;;;;;;;x
PROV213;Benguet;Benguet;Benguet;;;;;;;;;x
PROV214;Kalinga;Kalinga;Kalinga;;;;;;;;;x
PROV215;Mt. Province;Mt. Province;Mt. Province;;;;;;;;;x
PROV216;Ifugao;Ifugao;Ifugao;;;;;;;;;x
PROV217;La Union;La Union;La Union;;;;;;;;;x
PROV218;Ilocos Sur;Ilocos Sur;Ilocos Sur;;;;;;;;;x
PROV219;Ilocos Norte;Ilocos Norte;Ilocos Norte;;;;;;;;;x
PROV220;Abra;Abra;Abra;;;;;;;;;x
PROV221;Pampanga;Pampanga;Pampanga;;;;;;;;;x
PROV222;Tarlac;Tarlac;Tarlac;;;;;;;;;x
PROV223;Bulacan;Bulacan;Bulacan;;;;;;;;;x
PROV224;Bataan;Bataan;Bataan;;;;;;;;;x
PROV225;Zambales;Zambales;Zambales;;;;;;;;;x
PROV226;Nueva Ecija;Nueva Ecija;Nueva Ecija;;;;;;;;;x
PROV227;Pangasinan;Pangasinan;Pangasinan;;;;;;;;;x
PROV228;Nueva Vizcaya;Nueva Vizcaya;Nueva Vizcaya;;;;;;;;;x
PROV229;Aurora;Aurora;Aurora;;;;;;;;;x
PROV230;Quirino;Quirino;Quirino;;;;;;;;;x
PROV231;Cagayan;Cagayan;Cagayan;;;;;;;;;x
PROV232;Isabela;Isabela;Isabela;;;;;;;;;x
PROV233;Apayao;Apayao;Apayao;;;;;;;;;x
PROV234;Batanes;Batanes;Batanes;;;;;;;;;x
PROV235;Cebu;Cebu;Cebu;;;;;;;;;x
PROV236;Bohol;Bohol;Bohol;;;;;;;;;x
PROV237;Samar;Samar;Samar;;;;;;;;;x
PROV238;Northern Samar;Northern Samar;Northern Samar;;;;;;;;;x
PROV239;Eastern Samar;Eastern Samar;Eastern Samar;;;;;;;;;x
PROV240;Leyte;Leyte;Leyte;;;;;;;;;x
PROV241;Southern Leyte;Southern Leyte;Southern Leyte;;;;;;;;;x
PROV242;Camarines Sur;Camarines Sur;Camarines Sur;;;;;;;;;x
PROV243;Albay;Albay;Albay;;;;;;;;;x
PROV244;Masbate;Masbate;Masbate;;;;;;;;;x
PROV245;Catanduanes;Catanduanes;Catanduanes;;;;;;;;;x
PROV246;Iloilo;Iloilo;Iloilo;;;;;;;;;x
PROV247;Aklan;Aklan;Aklan;;;;;;;;;x
PROV248;Capiz;Capiz;Capiz;;;;;;;;;x
PROV249;Antique;Antique;Antique;;;;;;;;;x
PROV250;Negros Occidental;Negros Occidental;Negros Occidental;;;;;;;;;x
PROV251;Negros Oriental;Negros Oriental;Negros Oriental;;;;;;;;;x
PROV252;Puerto Princesa;Puerto Princesa;Puerto Princesa;;;;;;;;;x
PROV253;Taytay;Taytay;Taytay;;;;;;;;;x
PROV254;Narra;Narra;Narra;;;;;;;;;x
PROV255;Coron;Coron;Coron;;;;;;;;;x
PROV256;Davao;Davao;Davao;;;;;;;;;x
PROV257;Davao del Norte;Davao del Norte;Davao del Norte;;;;;;;;;x
PROV258;Davao del Sur;Davao del Sur;Davao del Sur;;;;;;;;;x
PROV259;Mati;Mati;Mati;;;;;;;;;x
PROV260;Baganga;Baganga;Baganga;;;;;;;;;x
PROV261;Davao de Oro;Davao de Oro;Davao de Oro;;;;;;;;;x
PROV262;General Santos;General Santos;General Santos;;;;;;;;;x
PROV263;Davao Occidental;Davao Occidental;Davao Occidental;;;;;;;;;x
PROV264;Glan;Glan;Glan;;;;;;;;;x
PROV265;Kiamba;Kiamba;Kiamba;;;;;;;;;x
PROV266;Koronadal;Koronadal;Koronadal;;;;;;;;;x
PROV267;San Francisco;San Francisco;San Francisco;;;;;;;;;x
PROV268;Bayugan;Bayugan;Bayugan;;;;;;;;;x
PROV269;Butuan;Butuan;Butuan;;;;;;;;;x
PROV270;Surigao del Norte;Surigao del Norte;Surigao del Norte;;;;;;;;;x
PROV271;Surigao del Sur;Surigao del Sur;Surigao del Sur;;;;;;;;;x
PROV272;Cabadbaran;Cabadbaran;Cabadbaran;;;;;;;;;x
PROV273;Zamboanga;Zamboanga;Zamboanga;;;;;;;;;x
PROV274;Zamboanga Sibugay;Zamboanga Sibugay;Zamboanga Sibugay;;;;;;;;;x
PROV275;Zamboanga del Sur;Zamboanga del Sur;Zamboanga del Sur;;;;;;;;;x
PROV276;Misamis Occidental;Misamis Occidental;Misamis Occidental;;;;;;;;;x
PROV277;Dipolog;Dipolog;Dipolog;;;;;;;;;x
PROV278;Sindangan;Sindangan;Sindangan;;;;;;;;;x
PROV279;Labason;Labason;Labason;;;;;;;;;x
PROV280;Siocon;Siocon;Siocon;;;;;;;;;x
PROV281;Lanao del Norte;Lanao del Norte;Lanao del Norte;;;;;;;;;x
PROV282;Lanao del Sur;Lanao del Sur;Lanao del Sur;;;;;;;;;x
PROV283;Malaybalay;Malaybalay;Malaybalay;;;;;;;;;x
PROV284;Valencia;Valencia;Valencia;;;;;;;;;x
PROV285;Iligan;Iligan;Iligan;;;;;;;;;x
PROV286;Misamis Oriental;Misamis Oriental;Misamis Oriental;;;;;;;;;x
PROV287;Cotabato;Cotabato;Cotabato;;;;;;;;;x
PROV288;Maguindanao;Maguindanao;Maguindanao;;;;;;;;;x
PROV289;Sultan Kudarat;Sultan Kudarat;Sultan Kudarat;;;;;;;;;x
PROV290;Kidapawan;Kidapawan;Kidapawan;;;;;;;;;x
PROV291;Sulu;Sulu;Sulu;;;;;;;;;x
PROV292;Basilan;Basilan;Basilan;;;;;;;;;x
PROV293;Tawi-Tawi;Tawi-Tawi;Tawi-Tawi;;;;;;;;;x
PROV294;Nakhon Viangchan;Nakhon Viangchan;Nakhon Viangchan;;;;;;;;;x
PROV295;Khwaeng Viangchan;Khwaeng Viangchan;Khwaeng Viangchan;;;;;;;;;x
PROV296;Sainyabuli;Sainyabuli;Sainyabuli;;;;;;;;;x
PROV297;Xaisomboun;Xaisomboun;Xaisomboun;;;;;;;;;x
PROV298;Xiangkhouang;Xiangkhouang;Xiangkhouang;;;;;;;;;x
PROV299;Luang Prabang;Luang Prabang;Luang Prabang;;;;;;;;;x
PROV300;Oudomxay;Oudomxay;Oudomxay;;;;;;;;;x
PROV301;Houaphan;Houaphan;Houaphan;;;;;;;;;x
PROV302;Phongsali;Phongsali;Phongsali;;;;;;;;;x
PROV303;Luang Namtha;Luang Namtha;Luang Namtha;;;;;;;;;x
PROV304;Bokeo;Bokeo;Bokeo;;;;;;;;;x
PROV305;Khammouane;Khammouane;Khammouane;;;;;;;;;x
PROV306;Bolikhamsai;Bolikhamsai;Bolikhamsai;;;;;;;;;x
PROV307;Savannakhet;Savannakhet;Savannakhet;;;;;;;;;x
PROV308;Champasak;Champasak;Champasak;;;;;;;;;x
PROV309;Pakse;Pakse;Pakse;;;;;;;;;x
PROV310;Attapeu;Attapeu;Attapeu;;;;;;;;;x
PROV311;Sekong;Sekong;Sekong;;;;;;;;;x
PROV312;Salavan;Salavan;Salavan;;;;;;;;;x
PROV313;Phnom Penh;Phnom Penh;Phnom Penh;;;;;;;;;x
PROV314;South Kandal;South Kandal;South Kandal;;;;;;;;;x
PROV315;Prey Veng;Prey Veng;Prey Veng;;;;;;;;;x
PROV316;Sway Rieng;Sway Rieng;Sway Rieng;;;;;;;;;x
PROV317;Tbong Khmum;Tbong Khmum;Tbong Khmum;;;;;;;;;x
PROV318;Kampong Speu;Kampong Speu;Kampong Speu;;;;;;;;;x
PROV319;Koh Kong;Koh Kong;Koh Kong;;;;;;;;;x
PROV320;Kampong Som;Kampong Som;Kampong Som;;;;;;;;;x
PROV321;Kampot;Kampot;Kampot;;;;;;;;;x
PROV322;Takeo;Takeo;Takeo;;;;;;;;;x
PROV323;Phú Quoc;Phú Quoc;Phú Quoc;;;;;;;;;x
PROV324;Kratie;Kratie;Kratie;;;;;;;;;x
PROV325;Stung Treng;Stung Treng;Stung Treng;;;;;;;;;x
PROV326;Mondulkiri;Mondulkiri;Mondulkiri;;;;;;;;;x
PROV327;Ratanakiri;Ratanakiri;Ratanakiri;;;;;;;;;x
PROV328;Siem Reap;Siem Reap;Siem Reap;;;;;;;;;x
PROV329;Preah Vihear;Preah Vihear;Preah Vihear;;;;;;;;;x
PROV330;Oddar Meanchey;Oddar Meanchey;Oddar Meanchey;;;;;;;;;x
PROV331;Banteay Meanchey;Banteay Meanchey;Banteay Meanchey;;;;;;;;;x
PROV332;Battambang;Battambang;Battambang;;;;;;;;;x
PROV333;Pursat;Pursat;Pursat;;;;;;;;;x
PROV334;Kampong Thom;Kampong Thom;Kampong Thom;;;;;;;;;x
PROV335;Kampong Chhang;Kampong Chhang;Kampong Chhang;;;;;;;;;x
PROV336;Kampong Cham;Kampong Cham;Kampong Cham;;;;;;;;;x
PROV337;Kuala Lumpur;Kuala Lumpur;Kuala Lumpur;;;;;;;;;x
PROV338;Klang;Klang;Klang;;;;;;;;;x
PROV339;Sepang;Sepang;Sepang;;;;;;;;;x
PROV340;Kuala Selangor;Kuala Selangor;Kuala Selangor;;;;;;;;;x
PROV341;Sabak Bernam;Sabak Bernam;Sabak Bernam;;;;;;;;;x
PROV342;Hulu Selangor;Hulu Selangor;Hulu Selangor;;;;;;;;;x
PROV343;Kinta;Kinta;Kinta;;;;;;;;;x
PROV344;Batang Padang;Batang Padang;Batang Padang;;;;;;;;;x
PROV345;Hilir Perak;Hilir Perak;Hilir Perak;;;;;;;;;x
PROV346;Manjung;Manjung;Manjung;;;;;;;;;x
PROV347;Johor Bahru;Johor Bahru;Johor Bahru;;;;;;;;;x
PROV348;Kota Tinggi;Kota Tinggi;Kota Tinggi;;;;;;;;;x
PROV349;Mersing;Mersing;Mersing;;;;;;;;;x
PROV350;Kulai;Kulai;Kulai;;;;;;;;;x
PROV351;Batu Pahat;Batu Pahat;Batu Pahat;;;;;;;;;x
PROV352;Kluang;Kluang;Kluang;;;;;;;;;x
PROV353;Muar;Muar;Muar;;;;;;;;;x
PROV354;Melaka;Melaka;Melaka;;;;;;;;;x
PROV355;Alor Gajah;Alor Gajah;Alor Gajah;;;;;;;;;x
PROV356;Seremban;Seremban;Seremban;;;;;;;;;x
PROV357;Kuala Pilah;Kuala Pilah;Kuala Pilah;;;;;;;;;x
PROV358;Tampin;Tampin;Tampin;;;;;;;;;x
PROV359;Batam;Batam;Batam;;;;;;;;;x
PROV360;Lingga;Lingga;Lingga;;;;;;;;;x
PROV361;Kepulauan Anambas;Kepulauan Anambas;Kepulauan Anambas;;;;;;;;;x
PROV362;Natuna;Natuna;Natuna;;;;;;;;;x
PROV363;George Town;George Town;George Town;;;;;;;;;x
PROV364;Seberang Perai;Seberang Perai;Seberang Perai;;;;;;;;;x
PROV365;Taiping;Taiping;Taiping;;;;;;;;;x
PROV366;Kuala Kangsar;Kuala Kangsar;Kuala Kangsar;;;;;;;;;x
PROV367;Kota Setar;Kota Setar;Kota Setar;;;;;;;;;x
PROV368;Kuala Muda;Kuala Muda;Kuala Muda;;;;;;;;;x
PROV369;Baling;Baling;Baling;;;;;;;;;x
PROV370;Kubang Pasu;Kubang Pasu;Kubang Pasu;;;;;;;;;x
PROV371;Perlis;Perlis;Perlis;;;;;;;;;x
PROV372;Langkawi;Langkawi;Langkawi;;;;;;;;;x
PROV373;Kota Bharu;Kota Bharu;Kota Bharu;;;;;;;;;x
PROV374;Bachok;Bachok;Bachok;;;;;;;;;x
PROV375;Tanah Merah;Tanah Merah;Tanah Merah;;;;;;;;;x
PROV376;Gua Musang;Gua Musang;Gua Musang;;;;;;;;;x
PROV377;Raub;Raub;Raub;;;;;;;;;x
PROV378;Bentong;Bentong;Bentong;;;;;;;;;x
PROV379;Maran;Maran;Maran;;;;;;;;;x
PROV380;Jerantut;Jerantut;Jerantut;;;;;;;;;x
PROV381;Kuantan;Kuantan;Kuantan;;;;;;;;;x
PROV382;Pekan;Pekan;Pekan;;;;;;;;;x
PROV383;Rompin;Rompin;Rompin;;;;;;;;;x
PROV384;Kuala Terengganu;Kuala Terengganu;Kuala Terengganu;;;;;;;;;x
PROV385;Besut;Besut;Besut;;;;;;;;;x
PROV386;Kuala Nerus;Kuala Nerus;Kuala Nerus;;;;;;;;;x
PROV387;Dungun;Dungun;Dungun;;;;;;;;;x
PROV388;Kemaman;Kemaman;Kemaman;;;;;;;;;x
PROV389;Singapore;Singapore;Singapore;;;;;;;;;x
PROV390;Banyuasin;Banyuasin;Banyuasin;;;;;;;;;x
PROV391;Musi Banyuasin;Musi Banyuasin;Musi Banyuasin;;;;;;;;;x
PROV392;Musi Rawas;Musi Rawas;Musi Rawas;;;;;;;;;x
PROV393;Muara Enim;Muara Enim;Muara Enim;;;;;;;;;x
PROV394;Ogan Komering Ilir;Ogan Komering Ilir;Ogan Komering Ilir;;;;;;;;;x
PROV395;Ogan Komering Ulu;Ogan Komering Ulu;Ogan Komering Ulu;;;;;;;;;x
PROV396;Bengkulu;Bengkulu;Bengkulu;;;;;;;;;x
PROV397;Seluma;Seluma;Seluma;;;;;;;;;x
PROV398;Lahat;Lahat;Lahat;;;;;;;;;x
PROV399;Lampung;Lampung;Lampung;;;;;;;;;x
PROV400;Lampung Utara;Lampung Utara;Lampung Utara;;;;;;;;;x
PROV401;Tulang Bawang;Tulang Bawang;Tulang Bawang;;;;;;;;;x
PROV402;Lampung Barat;Lampung Barat;Lampung Barat;;;;;;;;;x
PROV403;Pangkal Pinang;Pangkal Pinang;Pangkal Pinang;;;;;;;;;x
PROV404;Bangka Selatan;Bangka Selatan;Bangka Selatan;;;;;;;;;x
PROV405;Belitung;Belitung;Belitung;;;;;;;;;x
PROV406;Banda Aceh;Banda Aceh;Banda Aceh;;;;;;;;;x
PROV407;Bireuen;Bireuen;Bireuen;;;;;;;;;x
PROV408;Aceh Timur;Aceh Timur;Aceh Timur;;;;;;;;;x
PROV409;Aceh Tengah;Aceh Tengah;Aceh Tengah;;;;;;;;;x
PROV410;Subulussalam;Subulussalam;Subulussalam;;;;;;;;;x
PROV411;Aceh Barat;Aceh Barat;Aceh Barat;;;;;;;;;x
PROV412;Nagan Raya;Nagan Raya;Nagan Raya;;;;;;;;;x
PROV413;Simeulue;Simeulue;Simeulue;;;;;;;;;x
PROV414;Medan;Medan;Medan;;;;;;;;;x
PROV415;Simalungun;Simalungun;Simalungun;;;;;;;;;x
PROV416;Asahan;Asahan;Asahan;;;;;;;;;x
PROV417;Tapanuli;Tapanuli;Tapanuli;;;;;;;;;x
PROV418;Karo;Karo;Karo;;;;;;;;;x
PROV419;Nias;Nias;Nias;;;;;;;;;x
PROV420;Siak;Siak;Siak;;;;;;;;;x
PROV421;Bengkalis;Bengkalis;Bengkalis;;;;;;;;;x
PROV422;Meranti;Meranti;Meranti;;;;;;;;;x
PROV423;Kampar;Kampar;Kampar;;;;;;;;;x
PROV424;Labuhanbatu;Labuhanbatu;Labuhanbatu;;;;;;;;;x
PROV425;Padang Lawas;Padang Lawas;Padang Lawas;;;;;;;;;x
PROV426;Mandailing Natal;Mandailing Natal;Mandailing Natal;;;;;;;;;x
PROV427;Rokan Hilir;Rokan Hilir;Rokan Hilir;;;;;;;;;x
PROV428;Rokan Hulu;Rokan Hulu;Rokan Hulu;;;;;;;;;x
PROV429;Dumai;Dumai;Dumai;;;;;;;;;x
PROV430;Indragiri Hilir;Indragiri Hilir;Indragiri Hilir;;;;;;;;;x
PROV431;Indragiri Hulu;Indragiri Hulu;Indragiri Hulu;;;;;;;;;x
PROV432;Pelalawan;Pelalawan;Pelalawan;;;;;;;;;x
PROV433;Kuantan Singingi;Kuantan Singingi;Kuantan Singingi;;;;;;;;;x
PROV434;Padang;Padang;Padang;;;;;;;;;x
PROV435;Agam;Agam;Agam;;;;;;;;;x
PROV436;Pesisir Selatan;Pesisir Selatan;Pesisir Selatan;;;;;;;;;x
PROV437;Sijunjung;Sijunjung;Sijunjung;;;;;;;;;x
PROV438;Mentawai;Mentawai;Mentawai;;;;;;;;;x
PROV439;Muaro Jambi;Muaro Jambi;Muaro Jambi;;;;;;;;;x
PROV440;Tanjung Jabung;Tanjung Jabung;Tanjung Jabung;;;;;;;;;x
PROV441;Tebo;Tebo;Tebo;;;;;;;;;x
PROV442;Sungai Penuh;Sungai Penuh;Sungai Penuh;;;;;;;;;x
PROV443;Merangin;Merangin;Merangin;;;;;;;;;x
PROV444;Mukomuko;Mukomuko;Mukomuko;;;;;;;;;x
PROV445;Jakarta;Jakarta;Jakarta;;;;;;;;;x
PROV446;Serang;Serang;Serang;;;;;;;;;x
PROV447;Lebak;Lebak;Lebak;;;;;;;;;x
PROV448;Bandung;Bandung;Bandung;;;;;;;;;x
PROV449;Tasikmalaya;Tasikmalaya;Tasikmalaya;;;;;;;;;x
PROV450;Sukabumi;Sukabumi;Sukabumi;;;;;;;;;x
PROV451;Karawang;Karawang;Karawang;;;;;;;;;x
PROV452;Cirebon;Cirebon;Cirebon;;;;;;;;;x
PROV453;Yogyakarta;Yogyakarta;Yogyakarta;;;;;;;;;x
PROV454;Magelang;Magelang;Magelang;;;;;;;;;x
PROV455;Cilacap;Cilacap;Cilacap;;;;;;;;;x
PROV456;Semarang;Semarang;Semarang;;;;;;;;;x
PROV457;Pekalongan;Pekalongan;Pekalongan;;;;;;;;;x
PROV458;Tegal;Tegal;Tegal;;;;;;;;;x
PROV459;Surakarta;Surakarta;Surakarta;;;;;;;;;x
PROV460;Grobogan;Grobogan;Grobogan;;;;;;;;;x
PROV461;Blora;Blora;Blora;;;;;;;;;x
PROV462;Surabaya;Surabaya;Surabaya;;;;;;;;;x
PROV463;Bojonegoro;Bojonegoro;Bojonegoro;;;;;;;;;x
PROV464;Madura;Madura;Madura;;;;;;;;;x
PROV465;Madiun;Madiun;Madiun;;;;;;;;;x
PROV466;Kangean;Kangean;Kangean;;;;;;;;;x
PROV467;Malang;Malang;Malang;;;;;;;;;x
PROV468;Ponorogo;Ponorogo;Ponorogo;;;;;;;;;x
PROV469;Kediri;Kediri;Kediri;;;;;;;;;x
PROV470;Probolinggo;Probolinggo;Probolinggo;;;;;;;;;x
PROV471;Bondowoso;Bondowoso;Bondowoso;;;;;;;;;x
PROV472;Jember;Jember;Jember;;;;;;;;;x
PROV473;Banyuwangi;Banyuwangi;Banyuwangi;;;;;;;;;x
PROV474;Makassar;Makassar;Makassar;;;;;;;;;x
PROV475;Bone;Bone;Bone;;;;;;;;;x
PROV476;Bulukumba;Bulukumba;Bulukumba;;;;;;;;;x
PROV477;Selayar;Selayar;Selayar;;;;;;;;;x
PROV478;Pinrang;Pinrang;Pinrang;;;;;;;;;x
PROV479;Pangkajene;Pangkajene;Pangkajene;;;;;;;;;x
PROV480;Wajo;Wajo;Wajo;;;;;;;;;x
PROV481;Tana Toraja;Tana Toraja;Tana Toraja;;;;;;;;;x
PROV482;Mamuju;Mamuju;Mamuju;;;;;;;;;x
PROV483;Polewali Mandar;Polewali Mandar;Polewali Mandar;;;;;;;;;x
PROV484;Mamasa;Mamasa;Mamasa;;;;;;;;;x
PROV485;Mamuju Tengah;Mamuju Tengah;Mamuju Tengah;;;;;;;;;x
PROV486;Pasangkayu;Pasangkayu;Pasangkayu;;;;;;;;;x
PROV487;Luwu;Luwu;Luwu;;;;;;;;;x
PROV488;Lutim;Lutim;Lutim;;;;;;;;;x
PROV489;Lutra;Lutra;Lutra;;;;;;;;;x
PROV490;Minahasa;Minahasa;Minahasa;;;;;;;;;x
PROV491;Minahasa Selatan;Minahasa Selatan;Minahasa Selatan;;;;;;;;;x
PROV492;Sangihe-Sitaro;Sangihe-Sitaro;Sangihe-Sitaro;;;;;;;;;x
PROV493;Talaud;Talaud;Talaud;;;;;;;;;x
PROV494;Kotamobagu;Kotamobagu;Kotamobagu;;;;;;;;;x
PROV495;Boroko;Boroko;Boroko;;;;;;;;;x
PROV496;Molibagu;Molibagu;Molibagu;;;;;;;;;x
PROV497;Gorontalo;Gorontalo;Gorontalo;;;;;;;;;x
PROV498;Bone Bolango;Bone Bolango;Bone Bolango;;;;;;;;;x
PROV499;Kwandang;Kwandang;Kwandang;;;;;;;;;x
PROV500;Boalemo;Boalemo;Boalemo;;;;;;;;;x
PROV501;Pohuwato;Pohuwato;Pohuwato;;;;;;;;;x
PROV502;Moutong;Moutong;Moutong;;;;;;;;;x
PROV503;Donggala Utara;Donggala Utara;Donggala Utara;;;;;;;;;x
PROV504;Buol;Buol;Buol;;;;;;;;;x
PROV505;Tolitoli;Tolitoli;Tolitoli;;;;;;;;;x
PROV506;Palu;Palu;Palu;;;;;;;;;x
PROV507;Parigi;Parigi;Parigi;;;;;;;;;x
PROV508;Donggala;Donggala;Donggala;;;;;;;;;x
PROV509;Sigi;Sigi;Sigi;;;;;;;;;x
PROV510;Poso;Poso;Poso;;;;;;;;;x
PROV511;Kendari;Kendari;Kendari;;;;;;;;;x
PROV512;Konawe;Konawe;Konawe;;;;;;;;;x
PROV513;Wanggudu;Wanggudu;Wanggudu;;;;;;;;;x
PROV514;Wawonii;Wawonii;Wawonii;;;;;;;;;x
PROV515;Buton;Buton;Buton;;;;;;;;;x
PROV516;Muna;Muna;Muna;;;;;;;;;x
PROV517;Kabaena;Kabaena;Kabaena;;;;;;;;;x
PROV518;Wakatobi;Wakatobi;Wakatobi;;;;;;;;;x
PROV519;Banggai;Banggai;Banggai;;;;;;;;;x
PROV520;Bualemo;Bualemo;Bualemo;;;;;;;;;x
PROV521;Tojo;Tojo;Tojo;;;;;;;;;x
PROV522;Togean;Togean;Togean;;;;;;;;;x
PROV523;Kepulauan Banggai;Kepulauan Banggai;Kepulauan Banggai;;;;;;;;;x
PROV524;Morowali;Morowali;Morowali;;;;;;;;;x
PROV525;Malili;Malili;Malili;;;;;;;;;x
PROV526;Bungku Utara;Bungku Utara;Bungku Utara;;;;;;;;;x
PROV527;Kolonodale;Kolonodale;Kolonodale;;;;;;;;;x
PROV528;Kolaka;Kolaka;Kolaka;;;;;;;;;x
PROV529;Lasasua;Lasasua;Lasasua;;;;;;;;;x
PROV530;Bombana;Bombana;Bombana;;;;;;;;;x
PROV531;Ternate-Tidore;Ternate-Tidore;Ternate-Tidore;;;;;;;;;x
PROV532;Jailolo;Jailolo;Jailolo;;;;;;;;;x
PROV533;Tobelo;Tobelo;Tobelo;;;;;;;;;x
PROV534;Maba;Maba;Maba;;;;;;;;;x
PROV535;Morotai;Morotai;Morotai;;;;;;;;;x
PROV536;Sofifi;Sofifi;Sofifi;;;;;;;;;x
PROV537;Weda;Weda;Weda;;;;;;;;;x
PROV538;Gane;Gane;Gane;;;;;;;;;x
PROV539;Bacan;Bacan;Bacan;;;;;;;;;x
PROV540;Sanana;Sanana;Sanana;;;;;;;;;x
PROV541;Mangoli;Mangoli;Mangoli;;;;;;;;;x
PROV542;Taliabu;Taliabu;Taliabu;;;;;;;;;x
PROV543;Obi;Obi;Obi;;;;;;;;;x
PROV544;Buru;Buru;Buru;;;;;;;;;x
PROV545;Namrole;Namrole;Namrole;;;;;;;;;x
PROV546;Ambon;Ambon;Ambon;;;;;;;;;x
PROV547;Piru;Piru;Piru;;;;;;;;;x
PROV548;Masohi;Masohi;Masohi;;;;;;;;;x
PROV549;Bula;Bula;Bula;;;;;;;;;x
PROV550;Kei;Kei;Kei;;;;;;;;;x
PROV551;Aru;Aru;Aru;;;;;;;;;x
PROV552;Banda;Banda;Banda;;;;;;;;;x
PROV553;Gorom-Wakate;Gorom-Wakate;Gorom-Wakate;;;;;;;;;x
PROV554;Mataram;Mataram;Mataram;;;;;;;;;x
PROV555;Selong;Selong;Selong;;;;;;;;;x
PROV556;Denpasar;Denpasar;Denpasar;;;;;;;;;x
PROV557;Buleleng;Buleleng;Buleleng;;;;;;;;;x
PROV558;Bima;Bima;Bima;;;;;;;;;x
PROV559;Tambora;Tambora;Tambora;;;;;;;;;x
PROV560;Sumbawa;Sumbawa;Sumbawa;;;;;;;;;x
PROV561;Tambolaka;Tambolaka;Tambolaka;;;;;;;;;x
PROV562;Waingapu;Waingapu;Waingapu;;;;;;;;;x
PROV563;Komodo;Komodo;Komodo;;;;;;;;;x
PROV564;Manggarai;Manggarai;Manggarai;;;;;;;;;x
PROV565;Ngada;Ngada;Ngada;;;;;;;;;x
PROV566;Ende;Ende;Ende;;;;;;;;;x
PROV567;Sikka;Sikka;Sikka;;;;;;;;;x
PROV568;Alor;Alor;Alor;;;;;;;;;x
PROV569;Lembata;Lembata;Lembata;;;;;;;;;x
PROV570;Dili;Dili;Dili;;;;;;;;;x
PROV571;Baukau;Baukau;Baukau;;;;;;;;;x
PROV572;Vikeke;Vikeke;Vikeke;;;;;;;;;x
PROV573;Kovalima;Kovalima;Kovalima;;;;;;;;;x
PROV574;Kupang;Kupang;Kupang;;;;;;;;;x
PROV575;Soe;Soe;Soe;;;;;;;;;x
PROV576;Oekusi;Oekusi;Oekusi;;;;;;;;;x
PROV577;Rote;Rote;Rote;;;;;;;;;x
PROV578;Sabu;Sabu;Sabu;;;;;;;;;x
PROV579;Tanimbar;Tanimbar;Tanimbar;;;;;;;;;x
PROV580;Wetar;Wetar;Wetar;;;;;;;;;x
PROV581;Mempawah;Mempawah;Mempawah;;;;;;;;;x
PROV582;Kubu Raya;Kubu Raya;Kubu Raya;;;;;;;;;x
PROV583;Landak;Landak;Landak;;;;;;;;;x
PROV584;Sanggau;Sanggau;Sanggau;;;;;;;;;x
PROV585;Seribu Kuil;Seribu Kuil;Seribu Kuil;;;;;;;;;x
PROV586;Sambas;Sambas;Sambas;;;;;;;;;x
PROV587;Ketapang;Ketapang;Ketapang;;;;;;;;;x
PROV588;Kayong Utara;Kayong Utara;Kayong Utara;;;;;;;;;x
PROV589;Hulu Aik;Hulu Aik;Hulu Aik;;;;;;;;;x
PROV590;Sintang;Sintang;Sintang;;;;;;;;;x
PROV591;Melawi;Melawi;Melawi;;;;;;;;;x
PROV592;Ketungau;Ketungau;Ketungau;;;;;;;;;x
PROV593;Sekadau;Sekadau;Sekadau;;;;;;;;;x
PROV594;Kapuas Hulu;Kapuas Hulu;Kapuas Hulu;;;;;;;;;x
PROV595;Sampit;Sampit;Sampit;;;;;;;;;x
PROV596;Seruyan;Seruyan;Seruyan;;;;;;;;;x
PROV597;Pangkalan Bun;Pangkalan Bun;Pangkalan Bun;;;;;;;;;x
PROV598;Sukamara;Sukamara;Sukamara;;;;;;;;;x
PROV599;Lamandau;Lamandau;Lamandau;;;;;;;;;x
PROV600;Seribu Sungai;Seribu Sungai;Seribu Sungai;;;;;;;;;x
PROV601;Barito Kuala;Barito Kuala;Barito Kuala;;;;;;;;;x
PROV602;Tapin;Tapin;Tapin;;;;;;;;;x
PROV603;Tanah Laut;Tanah Laut;Tanah Laut;;;;;;;;;x
PROV604;Bandar Brunei;Bandar Brunei;Bandar Brunei;;;;;;;;;x
PROV605;Temburong;Temburong;Temburong;;;;;;;;;x
PROV606;Kuching;Kuching;Kuching;;;;;;;;;x
PROV607;Lundu;Lundu;Lundu;;;;;;;;;x
PROV608;Samarahan;Samarahan;Samarahan;;;;;;;;;x
PROV609;Serian;Serian;Serian;;;;;;;;;x
PROV610;Sri Aman;Sri Aman;Sri Aman;;;;;;;;;x
PROV611;Betong;Betong;Betong;;;;;;;;;x
PROV612;Lubok Antu;Lubok Antu;Lubok Antu;;;;;;;;;x
PROV613;Sarikei;Sarikei;Sarikei;;;;;;;;;x
PROV614;Sibu;Sibu;Sibu;;;;;;;;;x
PROV615;Selangau;Selangau;Selangau;;;;;;;;;x
PROV616;Mukah;Mukah;Mukah;;;;;;;;;x
PROV617;Dalat;Dalat;Dalat;;;;;;;;;x
PROV618;Daro;Daro;Daro;;;;;;;;;x
PROV619;Kapit;Kapit;Kapit;;;;;;;;;x
PROV620;Song;Song;Song;;;;;;;;;x
PROV621;Bintulu;Bintulu;Bintulu;;;;;;;;;x
PROV622;Tatau;Tatau;Tatau;;;;;;;;;x
PROV623;Miri;Miri;Miri;;;;;;;;;x
PROV624;Marudi;Marudi;Marudi;;;;;;;;;x
PROV625;Beluru;Beluru;Beluru;;;;;;;;;x
PROV626;Limbang;Limbang;Limbang;;;;;;;;;x
PROV627;Lawas;Lawas;Lawas;;;;;;;;;x
PROV628;Vladivostok;Vladivostok;Vladivostok;;;;;;;;;x
PROV629;Nadezhdinsky;Nadezhdinsky;Nadezhdinsky;;;;;;;;;x
PROV630;Khasansky;Khasansky;Khasansky;;;;;;;;;x
PROV631;Shkotovsky;Shkotovsky;Shkotovsky;;;;;;;;;x
PROV632;Partizansky;Partizansky;Partizansky;;;;;;;;;x
PROV633;Partizansk;Partizansk;Partizansk;;;;;;;;;x
PROV634;Ussuriysk;Ussuriysk;Ussuriysk;;;;;;;;;x
PROV635;Oktyabrsky;Oktyabrsky;Oktyabrsky;;;;;;;;;x
PROV636;Mikhaylovsky;Mikhaylovsky;Mikhaylovsky;;;;;;;;;x
PROV637;Anuchinsky;Anuchinsky;Anuchinsky;;;;;;;;;x
PROV638;Progranichny;Progranichny;Progranichny;;;;;;;;;x
PROV639;Khorolsky;Khorolsky;Khorolsky;;;;;;;;;x
PROV640;Chernigovsky;Chernigovsky;Chernigovsky;;;;;;;;;x
PROV641;Khankaysky;Khankaysky;Khankaysky;;;;;;;;;x
PROV642;Spassky;Spassky;Spassky;;;;;;;;;x
PROV643;Lazovsky;Lazovsky;Lazovsky;;;;;;;;;x
PROV644;Olginsky;Olginsky;Olginsky;;;;;;;;;x
PROV645;Kavalerovsky;Kavalerovsky;Kavalerovsky;;;;;;;;;x
PROV646;Chuguyevsky;Chuguyevsky;Chuguyevsky;;;;;;;;;x
PROV647;Arsenyevsky;Arsenyevsky;Arsenyevsky;;;;;;;;;x
PROV648;Kirovsky;Kirovsky;Kirovsky;;;;;;;;;x
PROV649;Dalnegorsk;Dalnegorsk;Dalnegorsk;;;;;;;;;x
PROV650;Terneysky;Terneysky;Terneysky;;;;;;;;;x
PROV651;Lezozavodsk;Lezozavodsk;Lezozavodsk;;;;;;;;;x
PROV652;Dalnerachensky;Dalnerachensky;Dalnerachensky;;;;;;;;;x
PROV653;Krasnoarmeysky;Krasnoarmeysky;Krasnoarmeysky;;;;;;;;;x
PROV654;Pozharsky;Pozharsky;Pozharsky;;;;;;;;;x
PROV655;Massim Islands;Massim Islands;Massim Islands;;;;;;;;;x
PROV656;Milne Bay;Milne Bay;Milne Bay;;;;;;;;;x
PROV657;Port Moresby;Port Moresby;Port Moresby;;;;;;;;;x
PROV658;Goilala;Goilala;Goilala;;;;;;;;;x
PROV659;Rigo;Rigo;Rigo;;;;;;;;;x
PROV660;Oro;Oro;Oro;;;;;;;;;x
PROV661;Kerema;Kerema;Kerema;;;;;;;;;x
PROV662;Kikori;Kikori;Kikori;;;;;;;;;x
PROV663;Lae;Lae;Lae;;;;;;;;;x
PROV664;Bulolo;Bulolo;Bulolo;;;;;;;;;x
PROV665;Markham;Markham;Markham;;;;;;;;;x
PROV666;Finschhafen;Finschhafen;Finschhafen;;;;;;;;;x
PROV667;Madang;Madang;Madang;;;;;;;;;x
PROV668;Rai Coast;Rai Coast;Rai Coast;;;;;;;;;x
PROV669;Sumkar;Sumkar;Sumkar;;;;;;;;;x
PROV670;Wewak;Wewak;Wewak;;;;;;;;;x
PROV671;Chambri;Chambri;Chambri;;;;;;;;;x
PROV672;Sandaun;Sandaun;Sandaun;;;;;;;;;x
PROV673;Vanimo;Vanimo;Vanimo;;;;;;;;;x
PROV674;Gloucester;Gloucester;Gloucester;;;;;;;;;x
PROV675;Gazelle;Gazelle;Gazelle;;;;;;;;;x
PROV676;New Ireland;New Ireland;New Ireland;;;;;;;;;x
PROV677;Manus;Manus;Manus;;;;;;;;;x
PROV678;Kainantu;Kainantu;Kainantu;;;;;;;;;x
PROV679;Goroka;Goroka;Goroka;;;;;;;;;x
PROV680;Chimbu;Chimbu;Chimbu;;;;;;;;;x
PROV681;Jiwaka;Jiwaka;Jiwaka;;;;;;;;;x
PROV682;Mount Hagen;Mount Hagen;Mount Hagen;;;;;;;;;x
PROV683;Ialibu;Ialibu;Ialibu;;;;;;;;;x
PROV684;Mendi;Mendi;Mendi;;;;;;;;;x
PROV685;Wabag;Wabag;Wabag;;;;;;;;;x
PROV686;Lagaip-Porgera;Lagaip-Porgera;Lagaip-Porgera;;;;;;;;;x
PROV687;Hela;Hela;Hela;;;;;;;;;x
PROV688;Raja Ampat;Raja Ampat;Raja Ampat;;;;;;;;;x
PROV689;Sorong;Sorong;Sorong;;;;;;;;;x
PROV690;Teminabuan;Teminabuan;Teminabuan;;;;;;;;;x
PROV691;Maybrat;Maybrat;Maybrat;;;;;;;;;x
PROV692;Manokwari;Manokwari;Manokwari;;;;;;;;;x
PROV693;Fakfak;Fakfak;Fakfak;;;;;;;;;x
PROV694;Bintuni;Bintuni;Bintuni;;;;;;;;;x
PROV695;Kaimana;Kaimana;Kaimana;;;;;;;;;x
PROV696;Wondama;Wondama;Wondama;;;;;;;;;x
PROV697;Schouten;Schouten;Schouten;;;;;;;;;x
PROV698;Yapen;Yapen;Yapen;;;;;;;;;x
PROV699;Nabire;Nabire;Nabire;;;;;;;;;x
PROV700;Deiyai-Dogiyai;Deiyai-Dogiyai;Deiyai-Dogiyai;;;;;;;;;x
PROV701;Paniai;Paniai;Paniai;;;;;;;;;x
PROV702;Mimika;Mimika;Mimika;;;;;;;;;x
PROV703;Asmat;Asmat;Asmat;;;;;;;;;x
PROV704;Mappi;Mappi;Mappi;;;;;;;;;x
PROV705;Dolak;Dolak;Dolak;;;;;;;;;x
PROV706;Merauke;Merauke;Merauke;;;;;;;;;x
PROV707;Fly;Fly;Fly;;;;;;;;;x
PROV708;Sarmi;Sarmi;Sarmi;;;;;;;;;x
PROV709;Port Numbay;Port Numbay;Port Numbay;;;;;;;;;x
PROV710;Keerom;Keerom;Keerom;;;;;;;;;x
PROV711;Puncak;Puncak;Puncak;;;;;;;;;x
PROV712;Nduga;Nduga;Nduga;;;;;;;;;x
PROV713;Lanny Jaya;Lanny Jaya;Lanny Jaya;;;;;;;;;x
PROV714;Jayawijaya;Jayawijaya;Jayawijaya;;;;;;;;;x
PROV715;Tolikara;Tolikara;Tolikara;;;;;;;;;x
PROV716;Yalimo;Yalimo;Yalimo;;;;;;;;;x
PROV717;Yahukimo;Yahukimo;Yahukimo;;;;;;;;;x
PROV718;Star Mountains;Star Mountains;Star Mountains;;;;;;;;;x
PROV719;Ok Tedi;Ok Tedi;Ok Tedi;;;;;;;;;x
PROV720;Rason;Rason;Rason;;;;;;;;;x
PROV721;Kimchaek;Kimchaek;Kimchaek;;;;;;;;;x
PROV722;Samjiyon;Samjiyon;Samjiyon;;;;;;;;;x
PROV723;Hyesan;Hyesan;Hyesan;;;;;;;;;x
PROV724;Tanchon;Tanchon;Tanchon;;;;;;;;;x
PROV725;Sinpo;Sinpo;Sinpo;;;;;;;;;x
PROV726;Hamhung;Hamhung;Hamhung;;;;;;;;;x
PROV727;Wonsan;Wonsan;Wonsan;;;;;;;;;x
PROV728;Kumgang;Kumgang;Kumgang;;;;;;;;;x
PROV729;Kanggye;Kanggye;Kanggye;;;;;;;;;x
PROV730;Huichon;Huichon;Huichon;;;;;;;;;x
PROV731;Sinuiju;Sinuiju;Sinuiju;;;;;;;;;x
PROV732;Chongju;Chongju;Chongju;;;;;;;;;x
PROV733;Kaechon;Kaechon;Kaechon;;;;;;;;;x
PROV734;Pyongsong;Pyongsong;Pyongsong;;;;;;;;;x
PROV735;Nampo;Nampo;Nampo;;;;;;;;;x
PROV736;Pyongyang;Pyongyang;Pyongyang;;;;;;;;;x
PROV737;Sinpyong;Sinpyong;Sinpyong;;;;;;;;;x
PROV738;Sariwon;Sariwon;Sariwon;;;;;;;;;x
PROV739;Kaesong;Kaesong;Kaesong;;;;;;;;;x
PROV740;Hwanghae;Hwanghae;Hwanghae;;;;;;;;;x
PROV741;Haeju;Haeju;Haeju;;;;;;;;;x
PROV742;Inchon;Inchon;Inchon;;;;;;;;;x
PROV743;Seoul;Seoul;Seoul;;;;;;;;;x
PROV744;Namyangju;Namyangju;Namyangju;;;;;;;;;x
PROV745;Suwon;Suwon;Suwon;;;;;;;;;x
PROV746;Gangwon;Gangwon;Gangwon;;;;;;;;;x
PROV747;Wonju;Wonju;Wonju;;;;;;;;;x
PROV748;Ulleung;Ulleung;Ulleung;;;;;;;;;x
PROV749;Chungju;Chungju;Chungju;;;;;;;;;x
PROV750;Chungcheong;Chungcheong;Chungcheong;;;;;;;;;x
PROV751;Daejeon;Daejeon;Daejeon;;;;;;;;;x
PROV752;Jeonju;Jeonju;Jeonju;;;;;;;;;x
PROV753;Namwon;Namwon;Namwon;;;;;;;;;x
PROV754;Gwangju;Gwangju;Gwangju;;;;;;;;;x
PROV755;Mokpo;Mokpo;Mokpo;;;;;;;;;x
PROV756;Jeju;Jeju;Jeju;;;;;;;;;x
PROV757;Seogwipo;Seogwipo;Seogwipo;;;;;;;;;x
PROV758;Yeongju;Yeongju;Yeongju;;;;;;;;;x
PROV759;Taegu;Taegu;Taegu;;;;;;;;;x
PROV760;Pusan;Pusan;Pusan;;;;;;;;;x
PROV761;Ulsan;Ulsan;Ulsan;;;;;;;;;x
PROV762;Jinju;Jinju;Jinju;;;;;;;;;x
PROV763;Phra Nakhon;Phra Nakhon;Phra Nakhon;;;;;;;;;x
PROV764;Samut Sakhon;Samut Sakhon;Samut Sakhon;;;;;;;;;x
PROV765;Ratchaburi;Ratchaburi;Ratchaburi;;;;;;;;;x
PROV766;Phetchaburi;Phetchaburi;Phetchaburi;;;;;;;;;x
PROV767;Kanchanaburi;Kanchanaburi;Kanchanaburi;;;;;;;;;x
PROV768;Prachuap Khiri Khan;Prachuap Khiri Khan;Prachuap Khiri Khan;;;;;;;;;x
PROV769;Suphanburi;Suphanburi;Suphanburi;;;;;;;;;x
PROV770;Ayutthaya;Ayutthaya;Ayutthaya;;;;;;;;;x
PROV771;Nakhon Pathom;Nakhon Pathom;Nakhon Pathom;;;;;;;;;x
PROV772;Pathum Thani;Pathum Thani;Pathum Thani;;;;;;;;;x
PROV773;Uthai Thani;Uthai Thani;Uthai Thani;;;;;;;;;x
PROV774;Chainat;Chainat;Chainat;;;;;;;;;x
PROV775;Lopburi;Lopburi;Lopburi;;;;;;;;;x
PROV776;Saraburi;Saraburi;Saraburi;;;;;;;;;x
PROV777;Nakhon Nayok;Nakhon Nayok;Nakhon Nayok;;;;;;;;;x
PROV778;Sing Buri;Sing Buri;Sing Buri;;;;;;;;;x
PROV779;Chachoengsao;Chachoengsao;Chachoengsao;;;;;;;;;x
PROV780;Pattaya;Pattaya;Pattaya;;;;;;;;;x
PROV781;Chonburi;Chonburi;Chonburi;;;;;;;;;x
PROV782;Rayong;Rayong;Rayong;;;;;;;;;x
PROV783;Chanthaburi;Chanthaburi;Chanthaburi;;;;;;;;;x
PROV784;Trat;Trat;Trat;;;;;;;;;x
PROV785;Prachinburi;Prachinburi;Prachinburi;;;;;;;;;x
PROV786;Sa Kaeo;Sa Kaeo;Sa Kaeo;;;;;;;;;x
PROV787;Chumphon;Chumphon;Chumphon;;;;;;;;;x
PROV788;Surat Thani;Surat Thani;Surat Thani;;;;;;;;;x
PROV789;Ko Samui;Ko Samui;Ko Samui;;;;;;;;;x
PROV790;Nakhon Sri Thammarat;Nakhon Sri Thammarat;Nakhon Sri Thammarat;;;;;;;;;x
PROV791;Phatthalung;Phatthalung;Phatthalung;;;;;;;;;x
PROV792;Phang Nga;Phang Nga;Phang Nga;;;;;;;;;x
PROV793;Krabi;Krabi;Krabi;;;;;;;;;x
PROV794;Phuket;Phuket;Phuket;;;;;;;;;x
PROV795;Trang;Trang;Trang;;;;;;;;;x
PROV796;Songkhla;Songkhla;Songkhla;;;;;;;;;x
PROV797;Pattani;Pattani;Pattani;;;;;;;;;x
PROV798;Yala;Yala;Yala;;;;;;;;;x
PROV799;Narathiwat;Narathiwat;Narathiwat;;;;;;;;;x
PROV800;Satun;Satun;Satun;;;;;;;;;x
PROV801;Mueang Korat;Mueang Korat;Mueang Korat;;;;;;;;;x
PROV802;Buriram;Buriram;Buriram;;;;;;;;;x
PROV803;Surin;Surin;Surin;;;;;;;;;x
PROV804;Si Saket;Si Saket;Si Saket;;;;;;;;;x
PROV805;Ubon Ratchathani;Ubon Ratchathani;Ubon Ratchathani;;;;;;;;;x
PROV806;Khon Kaen;Khon Kaen;Khon Kaen;;;;;;;;;x
PROV807;Chaiyaphum;Chaiyaphum;Chaiyaphum;;;;;;;;;x
PROV808;Maha Sarakham;Maha Sarakham;Maha Sarakham;;;;;;;;;x
PROV809;Roi Et;Roi Et;Roi Et;;;;;;;;;x
PROV810;Yasothon;Yasothon;Yasothon;;;;;;;;;x
PROV811;Udon Thani;Udon Thani;Udon Thani;;;;;;;;;x
PROV812;Nong Khai;Nong Khai;Nong Khai;;;;;;;;;x
PROV813;Loei;Loei;Loei;;;;;;;;;x
PROV814;Sakon Nakhon;Sakon Nakhon;Sakon Nakhon;;;;;;;;;x
PROV815;Nakhon Phanom;Nakhon Phanom;Nakhon Phanom;;;;;;;;;x
PROV816;Kalasin;Kalasin;Kalasin;;;;;;;;;x
PROV817;Sukhothai;Sukhothai;Sukhothai;;;;;;;;;x
PROV818;Nakhon Sawan;Nakhon Sawan;Nakhon Sawan;;;;;;;;;x
PROV819;Kamphaeng Phet;Kamphaeng Phet;Kamphaeng Phet;;;;;;;;;x
PROV820;Phichit;Phichit;Phichit;;;;;;;;;x
PROV821;Phetchabun;Phetchabun;Phetchabun;;;;;;;;;x
PROV822;Phitsanulok;Phitsanulok;Phitsanulok;;;;;;;;;x
PROV823;Chiang Mai;Chiang Mai;Chiang Mai;;;;;;;;;x
PROV824;Chiang Rai;Chiang Rai;Chiang Rai;;;;;;;;;x
PROV825;Mae Hong Son;Mae Hong Son;Mae Hong Son;;;;;;;;;x
PROV826;Tak;Tak;Tak;;;;;;;;;x
PROV827;Lampang;Lampang;Lampang;;;;;;;;;x
PROV828;Lamphun;Lamphun;Lamphun;;;;;;;;;x
PROV829;Phayao;Phayao;Phayao;;;;;;;;;x
PROV830;Phrae;Phrae;Phrae;;;;;;;;;x
PROV831;Nan;Nan;Nan;;;;;;;;;x
PROV832;Uttaradit;Uttaradit;Uttaradit;;;;;;;;;x
PROV833;Changchun;Changchun;Changchun;;;;;;;;;x
PROV834;Dehui;Dehui;Dehui;;;;;;;;;x
PROV835;Yushu;Yushu;Yushu;;;;;;;;;x
PROV836;Ningjiang;Ningjiang;Ningjiang;;;;;;;;;x
PROV837;Qian Gorlos;Qian Gorlos;Qian Gorlos;;;;;;;;;x
PROV838;Changling;Changling;Changling;;;;;;;;;x
PROV839;Baicheng;Baicheng;Baicheng;;;;;;;;;x
PROV840;Jilin;Jilin;Jilin;;;;;;;;;x
PROV841;Jiaohe;Jiaohe;Jiaohe;;;;;;;;;x
PROV842;Panshi;Panshi;Panshi;;;;;;;;;x
PROV843;Yanji;Yanji;Yanji;;;;;;;;;x
PROV844;Wangqing;Wangqing;Wangqing;;;;;;;;;x
PROV845;Dunhua;Dunhua;Dunhua;;;;;;;;;x
PROV846;Changbai;Changbai;Changbai;;;;;;;;;x
PROV847;Hunjiang;Hunjiang;Hunjiang;;;;;;;;;x
PROV848;Jiangyuan;Jiangyuan;Jiangyuan;;;;;;;;;x
PROV849;Tonghua;Tonghua;Tonghua;;;;;;;;;x
PROV850;Meihekou;Meihekou;Meihekou;;;;;;;;;x
PROV851;Liaoyuan;Liaoyuan;Liaoyuan;;;;;;;;;x
PROV852;Siping;Siping;Siping;;;;;;;;;x
PROV853;Yitong;Yitong;Yitong;;;;;;;;;x
PROV854;Kawthoung;Kawthoung;Kawthoung;;;;;;;;;x
PROV855;Myiek;Myiek;Myiek;;;;;;;;;x
PROV856;Dawei;Dawei;Dawei;;;;;;;;;x
PROV857;Mawlamyine;Mawlamyine;Mawlamyine;;;;;;;;;x
PROV858;Thanton;Thanton;Thanton;;;;;;;;;x
PROV859;Kawkereik;Kawkereik;Kawkereik;;;;;;;;;x
PROV860;Hpa-An;Hpa-An;Hpa-An;;;;;;;;;x
PROV861;Myawaddy;Myawaddy;Myawaddy;;;;;;;;;x
PROV862;Hpapun;Hpapun;Hpapun;;;;;;;;;x
PROV863;Thandaunggyi;Thandaunggyi;Thandaunggyi;;;;;;;;;x
PROV864;Twante;Twante;Twante;;;;;;;;;x
PROV865;East Yangon;East Yangon;East Yangon;;;;;;;;;x
PROV866;West Yangon;West Yangon;West Yangon;;;;;;;;;x
PROV867;Hlaingthaya;Hlaingthaya;Hlaingthaya;;;;;;;;;x
PROV868;Bago;Bago;Bago;;;;;;;;;x
PROV869;Taungoo;Taungoo;Taungoo;;;;;;;;;x
PROV870;Pyay;Pyay;Pyay;;;;;;;;;x
PROV871;Thayarwaddy;Thayarwaddy;Thayarwaddy;;;;;;;;;x
PROV872;Pathien;Pathien;Pathien;;;;;;;;;x
PROV873;Pyapon;Pyapon;Pyapon;;;;;;;;;x
PROV874;Myuangmya;Myuangmya;Myuangmya;;;;;;;;;x
PROV875;Maubin;Maubin;Maubin;;;;;;;;;x
PROV876;Hinthada;Hinthada;Hinthada;;;;;;;;;x
PROV877;Guam;Guam;Guam;;;;;;;;;x
PROV878;Northern Mariana;Northern Mariana;Northern Mariana;;;;;;;;;x
PROV879;Palau;Palau;Palau;;;;;;;;;x
PROV880;Yap State;Yap State;Yap State;;;;;;;;;x
PROV881;South Andaman;South Andaman;South Andaman;;;;;;;;;x
PROV882;North Andaman;North Andaman;North Andaman;;;;;;;;;x
PROV883;Middle Andaman;Middle Andaman;Middle Andaman;;;;;;;;;x
PROV884;Little Andaman;Little Andaman;Little Andaman;;;;;;;;;x
PROV885;Havelock Island;Havelock Island;Havelock Island;;;;;;;;;x
PROV886;Nicobar;Nicobar;Nicobar;;;;;;;;;x
PROV887;Umphang;Umphang;Umphang;;;;;;;;;x
PROV888;Hidaka Mountains;Hidaka Mountains;Hidaka Mountains;;;;;;;;;x
PROV889;Annamite Range;Annamite Range;Annamite Range;;;;;;;;;x
PROV890;Annamite Range;Annamite Range;Annamite Range;;;;;;;;;x
PROV891;Annamite Range;Annamite Range;Annamite Range;;;;;;;;;x
PROV892;Annamite Range;Annamite Range;Annamite Range;;;;;;;;;x
PROV893;New Britian;New Britian;New Britian;;;;;;;;;x
PROV894;Owen Stanley Range;Owen Stanley Range;Owen Stanley Range;;;;;;;;;x
PROV895;Oriomo Plateau;Oriomo Plateau;Oriomo Plateau;;;;;;;;;x
PROV896;Bismark Range;Bismark Range;Bismark Range;;;;;;;;;x
PROV897;Bismark Range;Bismark Range;Bismark Range;;;;;;;;;x
PROV898;Bismark Range;Bismark Range;Bismark Range;;;;;;;;;x
PROV899;Bismark Range;Bismark Range;Bismark Range;;;;;;;;;x
PROV900;Bismark Range;Bismark Range;Bismark Range;;;;;;;;;x
PROV901;Kakadu;Kakadu;Kakadu;;;;;;;;;x
PROV902;Kakadu;Kakadu;Kakadu;;;;;;;;;x
PROV903;Heartlands;Heartlands;Heartlands;;;;;;;;;x
PROV904;Bukit Barisan;Bukit Barisan;Bukit Barisan;;;;;;;;;x
PROV905;Bukit Barisan;Bukit Barisan;Bukit Barisan;;;;;;;;;x
PROV906;Bukit Barisan;Bukit Barisan;Bukit Barisan;;;;;;;;;x
PROV907;Banjaran Titiwangsa;Banjaran Titiwangsa;Banjaran Titiwangsa;;;;;;;;;x
PROV908;Banjaran Pantai Timur;Banjaran Pantai Timur;Banjaran Pantai Timur;;;;;;;;;x
PROV909;Penang Strait;Penang Strait;Penang Strait;;;;;;;;;x
PROV910;Straits of Malacca;Straits of Malacca;Straits of Malacca;;;;;;;;;x
PROV911;Sibolga Bay;Sibolga Bay;Sibolga Bay;;;;;;;;;x
PROV912;Singapore Strait;Singapore Strait;Singapore Strait;;;;;;;;;x
PROV913;Natuna Sea;Natuna Sea;Natuna Sea;;;;;;;;;x
PROV914;Langkawi Strait;Langkawi Strait;Langkawi Strait;;;;;;;;;x
PROV915;Southeastern Malay Coast;Southeastern Malay Coast;Southeastern Malay Coast;;;;;;;;;x
PROV916;Eastern Malay Coast;Eastern Malay Coast;Eastern Malay Coast;;;;;;;;;x
PROV917;Sea of Aceh;Sea of Aceh;Sea of Aceh;;;;;;;;;x
PROV918;Simeulue Sea;Simeulue Sea;Simeulue Sea;;;;;;;;;x
PROV919;Riau Archipelago;Riau Archipelago;Riau Archipelago;;;;;;;;;x
PROV920;Karimata Strait;Karimata Strait;Karimata Strait;;;;;;;;;x
PROV921;Mentawai Islands;Mentawai Islands;Mentawai Islands;;;;;;;;;x
PROV922;Enggano Island;Enggano Island;Enggano Island;;;;;;;;;x
PROV923;Sunda Strait;Sunda Strait;Sunda Strait;;;;;;;;;x
PROV924;Java Sea;Java Sea;Java Sea;;;;;;;;;x
PROV925;South Java Coast;South Java Coast;South Java Coast;;;;;;;;;x
PROV926;Madura Strait;Madura Strait;Madura Strait;;;;;;;;;x
PROV927;Bali Strait;Bali Strait;Bali Strait;;;;;;;;;x
PROV928;East Java Coast;East Java Coast;East Java Coast;;;;;;;;;x
PROV929;Selayar Strait;Selayar Strait;Selayar Strait;;;;;;;;;x
PROV930;Strait of Makassar;Strait of Makassar;Strait of Makassar;;;;;;;;;x
PROV931;West Celebes Sea;West Celebes Sea;West Celebes Sea;;;;;;;;;x
PROV932;East Celebes Sea;East Celebes Sea;East Celebes Sea;;;;;;;;;x
PROV933;Davao Gulf;Davao Gulf;Davao Gulf;;;;;;;;;x
PROV934;North Maluku Sea;North Maluku Sea;North Maluku Sea;;;;;;;;;x
PROV935;Gulf of Tomini;Gulf of Tomini;Gulf of Tomini;;;;;;;;;x
PROV936;Gulf of Tolo;Gulf of Tolo;Gulf of Tolo;;;;;;;;;x
PROV937;Gulf of Boni;Gulf of Boni;Gulf of Boni;;;;;;;;;x
PROV938;Ternate-Tidore Strait;Ternate-Tidore Strait;Ternate-Tidore Strait;;;;;;;;;x
PROV939;Halmahera Sea;Halmahera Sea;Halmahera Sea;;;;;;;;;x
PROV940;Ceram Sea;Ceram Sea;Ceram Sea;;;;;;;;;x
PROV941;Banda Sea;Banda Sea;Banda Sea;;;;;;;;;x
PROV942;Berau Bay;Berau Bay;Berau Bay;;;;;;;;;x
PROV943;Arafura Sea;Arafura Sea;Arafura Sea;;;;;;;;;x
PROV944;Barat Daya Islands;Barat Daya Islands;Barat Daya Islands;;;;;;;;;x
PROV945;Strait of Alor;Strait of Alor;Strait of Alor;;;;;;;;;x
PROV946;Timor Sea;Timor Sea;Timor Sea;;;;;;;;;x
PROV947;Van Diemen Gulf;Van Diemen Gulf;Van Diemen Gulf;;;;;;;;;x
PROV948;Ha Tien Coast;Ha Tien Coast;Ha Tien Coast;;;;;;;;;x
PROV949;Mekong Delta;Mekong Delta;Mekong Delta;;;;;;;;;x
PROV950;Southern Annamese Coast;Southern Annamese Coast;Southern Annamese Coast;;;;;;;;;x
PROV951;Northern Annamese Coast;Northern Annamese Coast;Northern Annamese Coast;;;;;;;;;x
PROV952;Gulf of Tonkin;Gulf of Tonkin;Gulf of Tonkin;;;;;;;;;x
PROV953;Ha Long Bay;Ha Long Bay;Ha Long Bay;;;;;;;;;x
PROV954;Chhak Kampong Son;Chhak Kampong Son;Chhak Kampong Son;;;;;;;;;x
PROV955;Ao Krung Thep;Ao Krung Thep;Ao Krung Thep;;;;;;;;;x
PROV956;Prachuap Bay;Prachuap Bay;Prachuap Bay;;;;;;;;;x
PROV957;Sattahip Bay;Sattahip Bay;Sattahip Bay;;;;;;;;;x
PROV958;Chumphon Archipelago;Chumphon Archipelago;Chumphon Archipelago;;;;;;;;;x
PROV959;Kuril Sea;Kuril Sea;Kuril Sea;;;;;;;;;x
PROV960;Aniwa Gulf;Aniwa Gulf;Aniwa Gulf;;;;;;;;;x
PROV961;Strait of Soya;Strait of Soya;Strait of Soya;;;;;;;;;x
PROV962;Ishikari Bay;Ishikari Bay;Ishikari Bay;;;;;;;;;x
PROV963;Tsugaru Strait;Tsugaru Strait;Tsugaru Strait;;;;;;;;;x
PROV964;Uchiura Bay;Uchiura Bay;Uchiura Bay;;;;;;;;;x
PROV965;Cape Shirepa;Cape Shirepa;Cape Shirepa;;;;;;;;;x
PROV966;Iwate Sea;Iwate Sea;Iwate Sea;;;;;;;;;x
PROV967;Sendai Bay;Sendai Bay;Sendai Bay;;;;;;;;;x
PROV968;East Kanto Sea;East Kanto Sea;East Kanto Sea;;;;;;;;;x
PROV969;Tokyo Bay;Tokyo Bay;Tokyo Bay;;;;;;;;;x
PROV970;Izu Archipelago;Izu Archipelago;Izu Archipelago;;;;;;;;;x
PROV971;Izu Archipelago;Izu Archipelago;Izu Archipelago;;;;;;;;;x
PROV972;Ogasawara Islands;Ogasawara Islands;Ogasawara Islands;;;;;;;;;x
PROV973;Ise Bay;Ise Bay;Ise Bay;;;;;;;;;x
PROV974;Tosa Bay;Tosa Bay;Tosa Bay;;;;;;;;;x
PROV975;East Kyushu Coast;East Kyushu Coast;East Kyushu Coast;;;;;;;;;x
PROV976;Noma Cape;Noma Cape;Noma Cape;;;;;;;;;x
PROV977;Ryukyu Islands;Ryukyu Islands;Ryukyu Islands;;;;;;;;;x
PROV978;Yaeyama Islands;Yaeyama Islands;Yaeyama Islands;;;;;;;;;x
PROV979;Jeju Strait;Jeju Strait;Jeju Strait;;;;;;;;;x
PROV980;Tsushima Strait;Tsushima Strait;Tsushima Strait;;;;;;;;;x
PROV981;Shimane Peninsula;Shimane Peninsula;Shimane Peninsula;;;;;;;;;x
PROV982;Chikumi Bay;Chikumi Bay;Chikumi Bay;;;;;;;;;x
PROV983;Noto Peninsula;Noto Peninsula;Noto Peninsula;;;;;;;;;x
PROV984;Chubu Coast;Chubu Coast;Chubu Coast;;;;;;;;;x
PROV985;Nagakute Cape;Nagakute Cape;Nagakute Cape;;;;;;;;;x
PROV986;Seto Sea;Seto Sea;Seto Sea;;;;;;;;;x
PROV987;Hoyo Strait;Hoyo Strait;Hoyo Strait;;;;;;;;;x
PROV988;Srinagarind;Srinagarind;Srinagarind;;;;;;;;;x
PROV989;Cheow Lan Lake;Cheow Lan Lake;Cheow Lan Lake;;;;;;;;;x
PROV990;Phang Nga Bay;Phang Nga Bay;Phang Nga Bay;;;;;;;;;x
PROV991;Mergui Archipelago;Mergui Archipelago;Mergui Archipelago;;;;;;;;;x
PROV992;Tanintharyi Coast;Tanintharyi Coast;Tanintharyi Coast;;;;;;;;;x
PROV993;Gulf of Martaban;Gulf of Martaban;Gulf of Martaban;;;;;;;;;x
PROV994;Irrawaddy Delta;Irrawaddy Delta;Irrawaddy Delta;;;;;;;;;x
PROV995;North Rakhine coast;North Rakhine coast;North Rakhine coast;;;;;;;;;x
PROV996;South Rakhine coast;South Rakhine coast;South Rakhine coast;;;;;;;;;x
PROV997;Chittagong coast;Chittagong coast;Chittagong coast;;;;;;;;;x
PROV998;Ganges Delta;Ganges Delta;Ganges Delta;;;;;;;;;x
PROV999;Andaman North Coast;Andaman North Coast;Andaman North Coast;;;;;;;;;x
PROV1000;Andaman West Coast;Andaman West Coast;Andaman West Coast;;;;;;;;;x
PROV1001;Andaman East Coast;Andaman East Coast;Andaman East Coast;;;;;;;;;x
PROV1002;Brothers and Sisters Island;Brothers and Sisters Island;Brothers and Sisters Island;;;;;;;;;x
PROV1003;Ten Degree Channel;Ten Degree Channel;Ten Degree Channel;;;;;;;;;x
PROV1004;Andaman Sea;Andaman Sea;Andaman Sea;;;;;;;;;x
PROV1005;Andaman Sea;Andaman Sea;Andaman Sea;;;;;;;;;x
PROV1006;Andaman Sea;Andaman Sea;Andaman Sea;;;;;;;;;x
PROV1007;Sarawak Coast;Sarawak Coast;Sarawak Coast;;;;;;;;;x
PROV1008;Brunei Coast;Brunei Coast;Brunei Coast;;;;;;;;;x
PROV1009;Sabah Sea;Sabah Sea;Sabah Sea;;;;;;;;;x
PROV1010;Nicobar Islands;Nicobar Islands;Nicobar Islands;;;;;;;;;x
PROV1011;Mekong River;Mekong River;Mekong River;;;;;;;;;x
PROV1012;Mekong River;Mekong River;Mekong River;;;;;;;;;x
PROV1013;Mekong River;Mekong River;Mekong River;;;;;;;;;x
PROV1014;Mekong River;Mekong River;Mekong River;;;;;;;;;x
PROV1015;Mekong River;Mekong River;Mekong River;;;;;;;;;x
PROV1016;Mekong River;Mekong River;Mekong River;;;;;;;;;x
PROV1017;Irrawaddy River;Irrawaddy River;Irrawaddy River;;;;;;;;;x
PROV1018;Irrawaddy River;Irrawaddy River;Irrawaddy River;;;;;;;;;x
PROV1019;Irrawaddy River;Irrawaddy River;Irrawaddy River;;;;;;;;;x
PROV1020;Irrawaddy River;Irrawaddy River;Irrawaddy River;;;;;;;;;x
PROV1021;Irrawaddy River;Irrawaddy River;Irrawaddy River;;;;;;;;;x
PROV1022;Irrawaddy River;Irrawaddy River;Irrawaddy River;;;;;;;;;x
PROV1023;Tonlé Sap;Tonlé Sap;Tonlé Sap;;;;;;;;;x
PROV1024;Lake Shinji;Lake Shinji;Lake Shinji;;;;;;;;;x
PROV1025;Nakaumi;Nakaumi;Nakaumi;;;;;;;;;x
PROV1026;Lake Biwa;Lake Biwa;Lake Biwa;;;;;;;;;x
PROV1027;Lake Inawashiro;Lake Inawashiro;Lake Inawashiro;;;;;;;;;x
PROV1028;Lake Tazawa;Lake Tazawa;Lake Tazawa;;;;;;;;;x
PROV1029;Lake Towada;Lake Towada;Lake Towada;;;;;;;;;x
PROV1030;Lake Ogawara;Lake Ogawara;Lake Ogawara;;;;;;;;;x
PROV1031;Lake Toya;Lake Toya;Lake Toya;;;;;;;;;x
PROV1032;Lake Shikotsu;Lake Shikotsu;Lake Shikotsu;;;;;;;;;x
PROV1033;Lake Kussharo;Lake Kussharo;Lake Kussharo;;;;;;;;;x
PROV1034;Lake Mashu;Lake Mashu;Lake Mashu;;;;;;;;;x
PROV1035;Lake Abashiri;Lake Abashiri;Lake Abashiri;;;;;;;;;x
PROV1036;Lake Toya;Lake Toya;Lake Toya;;;;;;;;;x
PROV1037;Lake Shikotsu;Lake Shikotsu;Lake Shikotsu;;;;;;;;;x
PROV1038;Lake Kussharo;Lake Kussharo;Lake Kussharo;;;;;;;;;x
PROV1039;Lake Mashu;Lake Mashu;Lake Mashu;;;;;;;;;x
PROV1040;Lake Abashiri;Lake Abashiri;Lake Abashiri;;;;;;;;;x
