baron_malayan;Dato';;;;;;;;;;;;;x
baron_female_malayan;Dato';;;;;;;;;;;;;x
baron_title_ruler_consort_malayan;Dato';;;;;;;;;;;;;x
baron_title_ruler_consort_female_malayan;Datin;;;;;;;;;;;;;x
count_malayan;Tun;;;;;;;;;;;;;x
count_female_malayan;Tun;;;;;;;;;;;;;x
count_title_ruler_consort_malayan;Tun;;;;;;;;;;;;;x
count_title_ruler_consort_female_malayan;Toh Puan;;;;;;;;;;;;;x
duke_malayan;Raja;;;;;;;;;;;;;x
duke_female_malayan;Ratu;;;;;;;;;;;;;x
duke_title_ruler_consort_malayan;Tengku;;;;;;;;;;;;;x
duke_title_ruler_consort_female_malayan;Raja Perempuan;;;;;;;;;;;;;x
king_malayan;Sultan;;;;;;;;;;;;;x
king_female_malayan;Sultanah;;;;;;;;;;;;;x
title_ruler_consort_malayan;Raja;;;;;;;;;;;;;x
title_ruler_consort_female_malayan;Sultanah;;;;;;;;;;;;;x
YANG_DIPERTUAN_AGONG;Yang di-Pertuan Agong;;;;;;;;;;;;;x
emperor_malayan;Maharaja;;;;;;;;;;;;;x
emperor_female_malayan;Maharani;;;;;;;;;;;;;x
emperor_title_ruler_consort_malayan;Maharaja;;;;;;;;;;;;;x
emperor_title_ruler_consort_female_malayan;Maharani;;;;;;;;;;;;;x
title_prince_malayan;Tunku;;;;;;;;;;;;;x
title_prince_female_malayan;Tunku;;;;;;;;;;;;;x
barony_malayan;Kota;;;;;;;;;;;;;x
barony_of_malayan;Kota;;;;;;;;;;;;;x
county_malayan;Wilayah;;;;;;;;;;;;;x
county_of_malayan;Wilayah;;;;;;;;;;;;;x
duchy_malayan;Kerajaan;;;;;;;;;;;;;x
duchy_of_malayan;Kerajaan;;;;;;;;;;;;;x
kingdom_malayan;Kesultanan;;;;;;;;;;;;;x
kingdom_of_malayan;Kesultanan;;;;;;;;;;;;;x
empire_malayan;Empayar;;;;;;;;;;;;;x
empire_of_malayan;Empayar;;;;;;;;;;;;;x
malaysian_confederacy_baron_malayan;Dato';;;;;;;;;;;;;x
malaysian_confederacy_baron_female_malayan;Dato';;;;;;;;;;;;;x
malaysian_confederacy_baron_title_ruler_consort_malayan;Dato';;;;;;;;;;;;;x
malaysian_confederacy_baron_title_ruler_consort_female_malayan;Datin;;;;;;;;;;;;;x
malaysian_confederacy_count_malayan;Tun;;;;;;;;;;;;;x
malaysian_confederacy_count_female_malayan;Tun;;;;;;;;;;;;;x
malaysian_confederacy_count_title_ruler_consort_malayan;Tun;;;;;;;;;;;;;x
malaysian_confederacy_count_title_ruler_consort_female_malayan;Toh Puan;;;;;;;;;;;;;x
malaysian_confederacy_duke_malayan;Raja;;;;;;;;;;;;;x
malaysian_confederacy_duke_female_malayan;Ratu;;;;;;;;;;;;;x
malaysian_confederacy_duke_title_ruler_consort_malayan;Tengku;;;;;;;;;;;;;x
malaysian_confederacy_duke_title_ruler_consort_female_malayan;Raja Perempuan;;;;;;;;;;;;;x
malaysian_confederacy_king_malayan;Sultan;;;;;;;;;;;;;x
malaysian_confederacy_king_female_malayan;Sultanah;;;;;;;;;;;;;x
malaysian_confederacy_title_ruler_consort_malayan;Raja;;;;;;;;;;;;;x
malaysian_confederacy_title_ruler_consort_female_malayan;Sultanah;;;;;;;;;;;;;x
malaysian_confederacy_emperor_malayan;Maharaja;;;;;;;;;;;;;x
malaysian_confederacy_emperor_female_malayan;Maharatu;;;;;;;;;;;;;x
malaysian_confederacy_emperor_title_ruler_consort_malayan;Sultan;;;;;;;;;;;;;x
malaysian_confederacy_emperor_title_ruler_consort_female_malayan;Maharatu;;;;;;;;;;;;;x
malaysian_confederacy_title_prince_malayan;Tunku;;;;;;;;;;;;;x
malaysian_confederacy_title_prince_female_malayan;Tunku;;;;;;;;;;;;;x
malaysian_confederacy_barony_malayan;Kota;;;;;;;;;;;;;x
malaysian_confederacy_barony_of_malayan;Kota;;;;;;;;;;;;;x
malaysian_confederacy_county_malayan;Wilayah;;;;;;;;;;;;;x
malaysian_confederacy_county_of_malayan;Wilayah;;;;;;;;;;;;;x
malaysian_confederacy_duchy_malayan;Kerajaan;;;;;;;;;;;;;x
malaysian_confederacy_duchy_of_malayan;Kerajaan;;;;;;;;;;;;;x
malaysian_confederacy_kingdom_malayan;Kesultanan;;;;;;;;;;;;;x
malaysian_confederacy_kingdom_of_malayan;Kesultanan;;;;;;;;;;;;;x
malaysian_confederacy_empire_malayan;Empayar;;;;;;;;;;;;;x
malaysian_confederacy_empire_of_malayan;Empayar;;;;;;;;;;;;;x
ghazi_government_baron_malayan;Dato';;;;;;;;;;;;;x
ghazi_government_baron_female_malayan;Dato';;;;;;;;;;;;;x
ghazi_government_baron_title_ruler_consort_malayan;Dato';;;;;;;;;;;;;x
ghazi_government_baron_title_ruler_consort_female_malayan;Datin;;;;;;;;;;;;;x
ghazi_government_count_malayan;Tun;;;;;;;;;;;;;x
ghazi_government_count_female_malayan;Tun;;;;;;;;;;;;;x
ghazi_government_count_title_ruler_consort_malayan;Tun;;;;;;;;;;;;;x
ghazi_government_count_title_ruler_consort_female_malayan;Toh Puan;;;;;;;;;;;;;x
ghazi_government_duke_malayan;Raja;;;;;;;;;;;;;x
ghazi_government_duke_female_malayan;Ratu;;;;;;;;;;;;;x
ghazi_government_duke_title_ruler_consort_malayan;Tengku;;;;;;;;;;;;;x
ghazi_government_duke_title_ruler_consort_female_malayan;Raja Perempuan;;;;;;;;;;;;;x
ghazi_government_king_malayan;Sultan;;;;;;;;;;;;;x
ghazi_government_king_female_malayan;Sultanah;;;;;;;;;;;;;x
ghazi_government_title_ruler_consort_malayan;Raja;;;;;;;;;;;;;x
ghazi_government_title_ruler_consort_female_malayan;Sultanah;;;;;;;;;;;;;x
ghazi_government_emperor_malayan;Maharaja;;;;;;;;;;;;;x
ghazi_government_emperor_female_malayan;Maharatu;;;;;;;;;;;;;x
ghazi_government_emperor_title_ruler_consort_malayan;Sultan;;;;;;;;;;;;;x
ghazi_government_emperor_title_ruler_consort_female_malayan;Maharatu;;;;;;;;;;;;;x
ghazi_government_title_prince_malayan;Tunku;;;;;;;;;;;;;x
ghazi_government_title_prince_female_malayan;Tunku;;;;;;;;;;;;;x
ghazi_government_barony_malayan;Kota;;;;;;;;;;;;;x
ghazi_government_barony_of_malayan;Kota;;;;;;;;;;;;;x
ghazi_government_county_malayan;Wilayah;;;;;;;;;;;;;x
ghazi_government_county_of_malayan;Wilayah;;;;;;;;;;;;;x
ghazi_government_duchy_malayan;Kerajaan;;;;;;;;;;;;;x
ghazi_government_duchy_of_malayan;Kerajaan;;;;;;;;;;;;;x
ghazi_government_kingdom_malayan;Kesultanan;;;;;;;;;;;;;x
ghazi_government_kingdom_of_malayan;Kesultanan;;;;;;;;;;;;;x
ghazi_government_empire_malayan;Empayar;;;;;;;;;;;;;x
ghazi_government_empire_of_malayan;Empayar;;;;;;;;;;;;;x
diwan_government_baron_malayan;Dato';;;;;;;;;;;;;x
diwan_government_baron_female_malayan;Dato';;;;;;;;;;;;;x
diwan_government_baron_title_ruler_consort_malayan;Dato';;;;;;;;;;;;;x
diwan_government_baron_title_ruler_consort_female_malayan;Datin;;;;;;;;;;;;;x
diwan_government_count_malayan;Tun;;;;;;;;;;;;;x
diwan_government_count_female_malayan;Tun;;;;;;;;;;;;;x
diwan_government_count_title_ruler_consort_malayan;Tun;;;;;;;;;;;;;x
diwan_government_count_title_ruler_consort_female_malayan;Toh Puan;;;;;;;;;;;;;x
diwan_government_duke_malayan;Raja;;;;;;;;;;;;;x
diwan_government_duke_female_malayan;Ratu;;;;;;;;;;;;;x
diwan_government_duke_title_ruler_consort_malayan;Tengku;;;;;;;;;;;;;x
diwan_government_duke_title_ruler_consort_female_malayan;Raja Perempuan;;;;;;;;;;;;;x
diwan_government_king_malayan;Sultan;;;;;;;;;;;;;x
diwan_government_king_female_malayan;Sultanah;;;;;;;;;;;;;x
diwan_government_title_ruler_consort_malayan;Raja;;;;;;;;;;;;;x
diwan_government_title_ruler_consort_female_malayan;Sultanah;;;;;;;;;;;;;x
diwan_government_emperor_malayan;Maharaja;;;;;;;;;;;;;x
diwan_government_emperor_female_malayan;Maharatu;;;;;;;;;;;;;x
diwan_government_emperor_title_ruler_consort_malayan;Sultan;;;;;;;;;;;;;x
diwan_government_emperor_title_ruler_consort_female_malayan;Maharatu;;;;;;;;;;;;;x
diwan_government_title_prince_malayan;Tunku;;;;;;;;;;;;;x
diwan_government_title_prince_female_malayan;Tunku;;;;;;;;;;;;;x
diwan_government_barony_malayan;Kota;;;;;;;;;;;;;x
diwan_government_barony_of_malayan;Kota;;;;;;;;;;;;;x
diwan_government_county_malayan;Wilayah;;;;;;;;;;;;;x
diwan_government_county_of_malayan;Wilayah;;;;;;;;;;;;;x
diwan_government_duchy_malayan;Kerajaan;;;;;;;;;;;;;x
diwan_government_duchy_of_malayan;Kerajaan;;;;;;;;;;;;;x
diwan_government_kingdom_malayan;Kesultanan;;;;;;;;;;;;;x
diwan_government_kingdom_of_malayan;Kesultanan;;;;;;;;;;;;;x
diwan_government_empire_malayan;Empayar;;;;;;;;;;;;;x
diwan_government_empire_of_malayan;Empayar;;;;;;;;;;;;;x
city_baron_malayan;Datuk Bandar;;;;;;;;;;;;;x
city_barony_malayan;Perbandaran;;;;;;;;;;;;;x
city_barony_of_malayan;Perbandaran;;;;;;;;;;;;;x
city_count_malayan;Adun;;;;;;;;;;;;;x
city_county_malayan;Kawasan;;;;;;;;;;;;;x
city_county_of_malayan;Kawasan;;;;;;;;;;;;;x
city_duke_malayan;Yang di-Pertua;;;;;;;;;;;;;x
city_duchy_malayan;Daerah;;;;;;;;;;;;;x
city_duchy_of_malayan;Daerah;;;;;;;;;;;;;x
city_king_malayan;Menteri Besar;;;;;;;;;;;;;x
city_kingdom_malayan;Negeri;;;;;;;;;;;;;x
city_kingdom_of_malayan;Negeri;;;;;;;;;;;;;x
city_emperor_malayan;Perdana Menteri;;;;;;;;;;;;;x
city_empire_of_malayan;Negara;;;;;;;;;;;;;x

baron_kelantanese;Dato';;;;;;;;;;;;;x
baron_female_kelantanese;Dato';;;;;;;;;;;;;x
baron_title_ruler_consort_kelantanese;Dato';;;;;;;;;;;;;x
baron_title_ruler_consort_female_kelantanese;Datin;;;;;;;;;;;;;x
count_kelantanese;Tun;;;;;;;;;;;;;x
count_female_kelantanese;Tun;;;;;;;;;;;;;x
count_title_ruler_consort_kelantanese;Tun;;;;;;;;;;;;;x
count_title_ruler_consort_female_kelantanese;Toh Puan;;;;;;;;;;;;;x
duke_kelantanese;Raja;;;;;;;;;;;;;x
duke_female_kelantanese;Ratu;;;;;;;;;;;;;x
duke_title_ruler_consort_kelantanese;Tengku;;;;;;;;;;;;;x
duke_title_ruler_consort_female_kelantanese;Raja Perempuan;;;;;;;;;;;;;x
king_kelantanese;Al-Sultan;;;;;;;;;;;;;x
king_female_kelantanese;Al-Sultanah;;;;;;;;;;;;;x
title_ruler_consort_kelantanese;Al-Sultan;;;;;;;;;;;;;x
title_ruler_consort_female_kelantanese;Tengku Permaisuri;;;;;;;;;;;;;x
emperor_kelantanese;Khalifah;;;;;;;;;;;;;x
emperor_female_kelantanese;Khalifah;;;;;;;;;;;;;x
emperor_title_ruler_consort_kelantanese;Sultan;;;;;;;;;;;;;x
emperor_title_ruler_consort_female_kelantanese;Al-Sultanah;;;;;;;;;;;;;x
title_prince_kelantanese;Tengku;;;;;;;;;;;;;x
title_prince_female_kelantanese;Tengku;;;;;;;;;;;;;x
barony_kelantanese;Kota;;;;;;;;;;;;;x
barony_of_kelantanese;Kota;;;;;;;;;;;;;x
county_kelantanese;Wilayah;;;;;;;;;;;;;x
county_of_kelanatanese;Wilayah;;;;;;;;;;;;;x
duchy_kelantanese;Kerajaan;;;;;;;;;;;;;x
duchy_of_kelantanese;Kerajaan;;;;;;;;;;;;;x
kingdom_kelantanese;Kesultanan;;;;;;;;;;;;;x
kingdom_of_kelantanese;Kesultanan;;;;;;;;;;;;;x
empire_kelantanese;Empayar;;;;;;;;;;;;;x
empire_of_kelantanese;Empayar;;;;;;;;;;;;;x
ghazi_government_baron_kelantanese;Dato';;;;;;;;;;;;;x
ghazi_government_baron_female_kelantanese;Dato';;;;;;;;;;;;;x
ghazi_government_baron_title_ruler_consort_kelantanese;Dato';;;;;;;;;;;;;x
ghazi_government_baron_title_ruler_consort_female_kelantanese;Datin;;;;;;;;;;;;;x
ghazi_government_count_kelantanese;Tun;;;;;;;;;;;;;x
ghazi_government_count_female_kelantanese;Tun;;;;;;;;;;;;;x
ghazi_government_count_title_ruler_consort_kelantanese;Tun;;;;;;;;;;;;;x
ghazi_government_count_title_ruler_consort_female_kelantanese;Toh Puan;;;;;;;;;;;;;x
ghazi_government_duke_kelantanese;Raja;;;;;;;;;;;;;x
ghazi_government_duke_female_kelantanese;Ratu;;;;;;;;;;;;;x
ghazi_government_duke_title_ruler_consort_kelantanese;Tengku;;;;;;;;;;;;;x
ghazi_government_duke_title_ruler_consort_female_kelantanese;Raja Perempuan;;;;;;;;;;;;;x
ghazi_government_king_kelantanese;Al-Sultan;;;;;;;;;;;;;x
ghazi_government_king_female_kelantanese;Al-Sultanah;;;;;;;;;;;;;x
ghazi_government_title_ruler_consort_kelantanese;Al-Sultan;;;;;;;;;;;;;x
ghazi_government_title_ruler_consort_female_kelantanese;Tengku Permaisuri;;;;;;;;;;;;;x
ghazi_government_emperor_kelantanese;Khalifah;;;;;;;;;;;;;x
ghazi_government_emperor_female_kelantanese;Khalifah;;;;;;;;;;;;;x
ghazi_government_emperor_title_ruler_consort_kelantanese;Sultan;;;;;;;;;;;;;x
ghazi_government_emperor_title_ruler_consort_female_kelantanese;Al-Sultanah;;;;;;;;;;;;;x
ghazi_government_title_prince_kelantanese;Tengku;;;;;;;;;;;;;x
ghazi_government_title_prince_female_kelantanese;Tengku;;;;;;;;;;;;;x
ghazi_government_barony_kelantanese;Kota;;;;;;;;;;;;;x
ghazi_government_barony_of_kelantanese;Kota;;;;;;;;;;;;;x
ghazi_government_county_kelantanese;Wilayah;;;;;;;;;;;;;x
ghazi_government_county_of_kelanatanese;Wilayah;;;;;;;;;;;;;x
ghazi_government_duchy_kelantanese;Kerajaan;;;;;;;;;;;;;x
ghazi_government_duchy_of_kelantanese;Kerajaan;;;;;;;;;;;;;x
ghazi_government_kingdom_kelantanese;Kesultanan;;;;;;;;;;;;;x
ghazi_government_kingdom_of_kelantanese;Kesultanan;;;;;;;;;;;;;x
ghazi_government_empire_kelantanese;Empayar;;;;;;;;;;;;;x
diwan_government_empire_of_kelantanese;Empayar;;;;;;;;;;;;;x
diwan_government_baron_kelantanese;Dato';;;;;;;;;;;;;x
diwan_government_baron_female_kelantanese;Dato';;;;;;;;;;;;;x
diwan_government_baron_title_ruler_consort_kelantanese;Dato';;;;;;;;;;;;;x
diwan_government_baron_title_ruler_consort_female_kelantanese;Datin;;;;;;;;;;;;;x
diwan_government_count_kelantanese;Tun;;;;;;;;;;;;;x
diwan_government_count_female_kelantanese;Tun;;;;;;;;;;;;;x
diwan_government_count_title_ruler_consort_kelantanese;Tun;;;;;;;;;;;;;x
diwan_government_count_title_ruler_consort_female_kelantanese;Toh Puan;;;;;;;;;;;;;x
diwan_government_duke_kelantanese;Raja;;;;;;;;;;;;;x
diwan_government_duke_female_kelantanese;Ratu;;;;;;;;;;;;;x
diwan_government_duke_title_ruler_consort_kelantanese;Tengku;;;;;;;;;;;;;x
diwan_government_duke_title_ruler_consort_female_kelantanese;Raja Perempuan;;;;;;;;;;;;;x
diwan_government_king_kelantanese;Al-Sultan;;;;;;;;;;;;;x
diwan_government_king_female_kelantanese;Al-Sultanah;;;;;;;;;;;;;x
diwan_government_title_ruler_consort_kelantanese;Al-Sultan;;;;;;;;;;;;;x
diwan_government_title_ruler_consort_female_kelantanese;Tengku Permaisuri;;;;;;;;;;;;;x
diwan_government_emperor_kelantanese;Khalifah;;;;;;;;;;;;;x
diwan_government_emperor_female_kelantanese;Khalifah;;;;;;;;;;;;;x
diwan_government_emperor_title_ruler_consort_kelantanese;Sultan;;;;;;;;;;;;;x
diwan_government_emperor_title_ruler_consort_female_kelantanese;Al-Sultanah;;;;;;;;;;;;;x
diwan_government_title_prince_kelantanese;Tengku;;;;;;;;;;;;;x
diwan_government_title_prince_female_kelantanese;Tengku;;;;;;;;;;;;;x
diwan_government_barony_kelantanese;Kota;;;;;;;;;;;;;x
diwan_government_barony_of_kelantanese;Kota;;;;;;;;;;;;;x
diwan_government_county_kelantanese;Wilayah;;;;;;;;;;;;;x
diwan_government_county_of_kelanatanese;Wilayah;;;;;;;;;;;;;x
diwan_government_duchy_kelantanese;Kerajaan;;;;;;;;;;;;;x
diwan_government_duchy_of_kelantanese;Kerajaan;;;;;;;;;;;;;x
diwan_government_kingdom_kelantanese;Kesultanan;;;;;;;;;;;;;x
diwan_government_kingdom_of_kelantanese;Kesultanan;;;;;;;;;;;;;x
diwan_government_empire_kelantanese;Empayar;;;;;;;;;;;;;x
diwan_government_empire_of_kelantanese;Empayar;;;;;;;;;;;;;x
city_baron_kelantanese;Datuk Bandar;;;;;;;;;;;;;x
city_barony_kelantanese;Perbandaran;;;;;;;;;;;;;x
city_barony_of_kelantanese;Perbandaran;;;;;;;;;;;;;x
city_count_kelantanese;Adun;;;;;;;;;;;;;x
city_county_kelantanese;Kawasan;;;;;;;;;;;;;x
city_county_of_kelantanese;Kawasan;;;;;;;;;;;;;x
city_duke_kelantanese;Yang di-Pertua;;;;;;;;;;;;;x
city_duchy_kelantanese;Daerah;;;;;;;;;;;;;x
city_duchy_of_kelantanese;Daerah;;;;;;;;;;;;;x
city_king_kelantanese;Menteri Besar;;;;;;;;;;;;;x
city_kingdom_kelantanese;Negeri;;;;;;;;;;;;;x
city_kingdom_of_kelantanese;Negeri;;;;;;;;;;;;;x
city_emperor_kelantanese;Perdana Menteri;;;;;;;;;;;;;x
city_empire_of_kelantanese;Negara;;;;;;;;;;;;;x
city_empire_kelantanese;Negara;;;;;;;;;;;;;x

city_baron_tionghoa;Datuk Bandar;;;;;;;;;;;;;x
city_barony_tionghoa;Perbandaran;;;;;;;;;;;;;x
city_barony_of_tionghoa;Perbandaran;;;;;;;;;;;;;x
city_count_tionghoa;Adun;;;;;;;;;;;;;x
city_county_tionghoa;Kawasan;;;;;;;;;;;;;x
city_county_of_tionghoa;Kawasan;;;;;;;;;;;;;x
city_duke_tionghoa;Yang di-Pertua;;;;;;;;;;;;;x
city_duchy_tionghoa;Daerah;;;;;;;;;;;;;x
city_duchy_of_tionghoa;Daerah;;;;;;;;;;;;;x
city_king_tionghoa;Menteri Besar;;;;;;;;;;;;;x
city_kingdom_tionghoa;Negeri;;;;;;;;;;;;;x
city_kingdom_of_tionghoa;Negeri;;;;;;;;;;;;;x
city_emperor_tionghoa;Perdana Menteri;;;;;;;;;;;;;x
city_empire_of_tionghoa;Negara;;;;;;;;;;;;;x
city_empire_tionghoa;Negara;;;;;;;;;;;;;x

city_baron_singaporean;Mayor;;;;;;;;;;;;;x
city_barony_singaporean;District;;;;;;;;;;;;;x
city_barony_of_singaporean;District of;;;;;;;;;;;;;x
city_count_singaporean;Adun;;;;;;;;;;;;;x
city_county_singaporean;City-State of;;;;;;;;;;;;;x
city_county_of_singaporean;City-State of;;;;;;;;;;;;;x
city_duke_singaporean;Yang di-Pertua;;;;;;;;;;;;;x
city_duchy_singaporean;State;;;;;;;;;;;;;x
city_duchy_of_singaporean;State of;;;;;;;;;;;;;x
city_king_singaporean;His Excellency;;;;;;;;;;;;;x
city_king_female_singaporean;Her Excellency;;;;;;;;;;;;;x
city_kingdom_singaporean;Republic;;;;;;;;;;;;;x
city_kingdom_of_singaporean;Republic of;;;;;;;;;;;;;x

baron_acehnese;Datuk;;;;;;;;;;;;;x
baron_female_acehnese;Datuk;;;;;;;;;;;;;x
baron_title_ruler_consort_acehnese;Datuk;;;;;;;;;;;;;x
baron_title_ruler_consort_female_acehnese;Datuk;;;;;;;;;;;;;x
count_acehnese;Tuanku;;;;;;;;;;;;;x
count_female_acehnese;Tuanku;;;;;;;;;;;;;x
count_title_ruler_consort_acehnese;Tuanku;;;;;;;;;;;;;x
count_title_ruler_consort_female_acehnese;Tuanku;;;;;;;;;;;;;x
duke_acehnese;Tengku;;;;;;;;;;;;;x
duke_female_acehnese;Tengku;;;;;;;;;;;;;x
duke_title_ruler_consort_acehnese;Tengku;;;;;;;;;;;;;x
duke_title_ruler_consort_female_acehnese;Tengku;;;;;;;;;;;;;x
king_acehnese;Sultan;;;;;;;;;;;;;x
king_female_acehnese;Sultanah;;;;;;;;;;;;;x
title_ruler_consort_acehnese;Sultan;;;;;;;;;;;;;x
title_ruler_consort_female_acehnese;Sultanah;;;;;;;;;;;;;x
emperor_acehnese;Maharaja;;;;;;;;;;;;;x
emperor_female_acehnese;Maharani;;;;;;;;;;;;;x
emperor_title_ruler_consort_acehnese;Maharaja;;;;;;;;;;;;;x
emperor_title_ruler_consort_female_acehnese;Maharani;;;;;;;;;;;;;x
title_prince_acehnese;Tunku;;;;;;;;;;;;;x
title_prince_female_acehnese;Tunku;;;;;;;;;;;;;x
barony_of_acehnese;Lordship of;;;;;;;;;;;;;x
county_of_acehnese;Province of;;;;;;;;;;;;;x
duchy_of_acehnese;Principality of;;;;;;;;;;;;;x
kingdom_of_acehnese;Sultanate of;;;;;;;;;;;;;x
empire_of_acehnese;Empire of;;;;;;;;;;;;;x
ghazi_government_baron_acehnese;Datuk;;;;;;;;;;;;;x
ghazi_government_baron_female_acehnese;Datuk;;;;;;;;;;;;;x
ghazi_government_baron_title_ruler_consort_acehnese;Datuk;;;;;;;;;;;;;x
ghazi_government_baron_title_ruler_consort_female_acehnese;Datuk;;;;;;;;;;;;;x
ghazi_government_count_acehnese;Tuanku;;;;;;;;;;;;;x
ghazi_government_count_female_acehnese;Tuanku;;;;;;;;;;;;;x
ghazi_government_count_title_ruler_consort_acehnese;Tuanku;;;;;;;;;;;;;x
ghazi_government_count_title_ruler_consort_female_acehnese;Tuanku;;;;;;;;;;;;;x
ghazi_government_duke_acehnese;Tengku;;;;;;;;;;;;;x
ghazi_government_duke_female_acehnese;Tengku;;;;;;;;;;;;;x
ghazi_government_duke_title_ruler_consort_acehnese;Tengku;;;;;;;;;;;;;x
ghazi_government_duke_title_ruler_consort_female_acehnese;Tengku;;;;;;;;;;;;;x
ghazi_government_king_acehnese;Sultan;;;;;;;;;;;;;x
ghazi_government_king_female_acehnese;Sultanah;;;;;;;;;;;;;x
ghazi_government_title_ruler_consort_acehnese;Sultan;;;;;;;;;;;;;x
ghazi_government_title_ruler_consort_female_acehnese;Sultanah;;;;;;;;;;;;;x
ghazi_government_emperor_acehnese;Maharaja;;;;;;;;;;;;;x
ghazi_government_emperor_female_acehnese;Maharani;;;;;;;;;;;;;x
ghazi_government_emperor_title_ruler_consort_acehnese;Maharaja;;;;;;;;;;;;;x
ghazi_government_emperor_title_ruler_consort_female_acehnese;Maharani;;;;;;;;;;;;;x
ghazi_government_title_prince_acehnese;Tunku;;;;;;;;;;;;;x
ghazi_government_title_prince_female_acehnese;Tunku;;;;;;;;;;;;;x
ghazi_government_barony_of_acehnese;Lordship of;;;;;;;;;;;;;x
ghazi_government_county_of_acehnese;Province of;;;;;;;;;;;;;x
ghazi_government_duchy_of_acehnese;Principality of;;;;;;;;;;;;;x
ghazi_government_kingdom_of_acehnese;Sultanate of;;;;;;;;;;;;;x
diwan_government_empire_of_acehnese;Empire of;;;;;;;;;;;;;x
diwan_government_baron_acehnese;Datuk;;;;;;;;;;;;;x
diwan_government_baron_female_acehnese;Datuk;;;;;;;;;;;;;x
diwan_government_baron_title_ruler_consort_acehnese;Datuk;;;;;;;;;;;;;x
diwan_government_baron_title_ruler_consort_female_acehnese;Datuk;;;;;;;;;;;;;x
diwan_government_count_acehnese;Tuanku;;;;;;;;;;;;;x
diwan_government_count_female_acehnese;Tuanku;;;;;;;;;;;;;x
diwan_government_count_title_ruler_consort_acehnese;Tuanku;;;;;;;;;;;;;x
diwan_government_count_title_ruler_consort_female_acehnese;Tuanku;;;;;;;;;;;;;x
diwan_government_duke_acehnese;Tengku;;;;;;;;;;;;;x
diwan_government_duke_female_acehnese;Tengku;;;;;;;;;;;;;x
diwan_government_duke_title_ruler_consort_acehnese;Tengku;;;;;;;;;;;;;x
diwan_government_duke_title_ruler_consort_female_acehnese;Tengku;;;;;;;;;;;;;x
diwan_government_king_acehnese;Sultan;;;;;;;;;;;;;x
diwan_government_king_female_acehnese;Sultanah;;;;;;;;;;;;;x
diwan_government_title_ruler_consort_acehnese;Sultan;;;;;;;;;;;;;x
diwan_government_title_ruler_consort_female_acehnese;Sultanah;;;;;;;;;;;;;x
diwan_government_emperor_acehnese;Maharaja;;;;;;;;;;;;;x
diwan_government_emperor_female_acehnese;Maharani;;;;;;;;;;;;;x
diwan_government_emperor_title_ruler_consort_acehnese;Maharaja;;;;;;;;;;;;;x
diwan_government_emperor_title_ruler_consort_female_acehnese;Maharani;;;;;;;;;;;;;x
diwan_government_title_prince_acehnese;Tunku;;;;;;;;;;;;;x
diwan_government_title_prince_female_acehnese;Tunku;;;;;;;;;;;;;x
diwan_government_barony_of_acehnese;Lordship of;;;;;;;;;;;;;x
diwan_government_county_of_acehnese;Province of;;;;;;;;;;;;;x
diwan_government_duchy_of_acehnese;Principality of;;;;;;;;;;;;;x
diwan_government_kingdom_of_acehnese;Sultanate of;;;;;;;;;;;;;x
diwan_government_empire_of_acehnese;Empire of;;;;;;;;;;;;;x
city_baron_acehnese;Datuk Bandar;;;;;;;;;;;;;x
city_count_acehnese;Walikota;;;;;;;;;;;;;x
baron_minang;Datuk;;;;;;;;;;;;;x
baron_female_minang;Datuk;;;;;;;;;;;;;x
baron_title_ruler_consort_minang;Datuk;;;;;;;;;;;;;x
baron_title_ruler_consort_female_minang;Datuk;;;;;;;;;;;;;x
count_minang;Tuanku;;;;;;;;;;;;;x
count_female_minang;Tuanku;;;;;;;;;;;;;x
count_title_ruler_consort_minang;Tuanku;;;;;;;;;;;;;x
count_title_ruler_consort_female_minang;Tuanku;;;;;;;;;;;;;x
duke_minang;Tengku;;;;;;;;;;;;;x
duke_female_minang;Tengku;;;;;;;;;;;;;x
duke_title_ruler_consort_minang;Tengku;;;;;;;;;;;;;x
duke_title_ruler_consort_female_minang;Tengku;;;;;;;;;;;;;x
king_minang;Sultan;;;;;;;;;;;;;x
king_female_minang;Sultanah;;;;;;;;;;;;;x
title_ruler_consort_minang;Sultan;;;;;;;;;;;;;x
title_ruler_consort_female_minang;Sultanah;;;;;;;;;;;;;x
emperor_minang;Maharaja;;;;;;;;;;;;;x
emperor_female_minang;Maharani;;;;;;;;;;;;;x
emperor_title_ruler_consort_minang;Maharaja;;;;;;;;;;;;;x
emperor_title_ruler_consort_female_minang;Maharani;;;;;;;;;;;;;x
title_prince_minang;Tunku;;;;;;;;;;;;;x
title_prince_female_minang;Tunku;;;;;;;;;;;;;x
barony_of_minang;Lordship of;;;;;;;;;;;;;x
county_of_minang;Province of;;;;;;;;;;;;;x
duchy_of_minang;Principality of;;;;;;;;;;;;;x
kingdom_of_minang;Sultanate of;;;;;;;;;;;;;x
empire_of_minang;Empire of;;;;;;;;;;;;;x
ghazi_government_baron_minang;Datuk;;;;;;;;;;;;;x
ghazi_government_baron_female_minang;Datuk;;;;;;;;;;;;;x
ghazi_government_baron_title_ruler_consort_minang;Datuk;;;;;;;;;;;;;x
ghazi_government_baron_title_ruler_consort_female_minang;Datuk;;;;;;;;;;;;;x
ghazi_government_count_minang;Tuanku;;;;;;;;;;;;;x
ghazi_government_count_female_minang;Tuanku;;;;;;;;;;;;;x
ghazi_government_count_title_ruler_consort_minang;Tuanku;;;;;;;;;;;;;x
ghazi_government_count_title_ruler_consort_female_minang;Tuanku;;;;;;;;;;;;;x
ghazi_government_duke_minang;Tengku;;;;;;;;;;;;;x
ghazi_government_duke_female_minang;Tengku;;;;;;;;;;;;;x
ghazi_government_duke_title_ruler_consort_minang;Tengku;;;;;;;;;;;;;x
ghazi_government_duke_title_ruler_consort_female_minang;Tengku;;;;;;;;;;;;;x
ghazi_government_king_minang;Sultan;;;;;;;;;;;;;x
ghazi_government_king_female_minang;Sultanah;;;;;;;;;;;;;x
ghazi_government_title_ruler_consort_minang;Sultan;;;;;;;;;;;;;x
ghazi_government_title_ruler_consort_female_minang;Sultanah;;;;;;;;;;;;;x
ghazi_government_emperor_minang;Maharaja;;;;;;;;;;;;;x
ghazi_government_emperor_female_minang;Maharani;;;;;;;;;;;;;x
ghazi_government_emperor_title_ruler_consort_minang;Maharaja;;;;;;;;;;;;;x
ghazi_government_emperor_title_ruler_consort_female_minang;Maharani;;;;;;;;;;;;;x
ghazi_government_title_prince_minang;Tunku;;;;;;;;;;;;;x
ghazi_government_title_prince_female_minang;Tunku;;;;;;;;;;;;;x
ghazi_government_barony_of_minang;Lordship of;;;;;;;;;;;;;x
ghazi_government_county_of_minang;Province of;;;;;;;;;;;;;x
ghazi_government_duchy_of_minang;Principality of;;;;;;;;;;;;;x
ghazi_government_kingdom_of_minang;Sultanate of;;;;;;;;;;;;;x
diwan_government_empire_of_minang;Empire of;;;;;;;;;;;;;x
diwan_government_baron_minang;Datuk;;;;;;;;;;;;;x
diwan_government_baron_female_minang;Datuk;;;;;;;;;;;;;x
diwan_government_baron_title_ruler_consort_minang;Datuk;;;;;;;;;;;;;x
diwan_government_baron_title_ruler_consort_female_minang;Datuk;;;;;;;;;;;;;x
diwan_government_count_minang;Tuanku;;;;;;;;;;;;;x
diwan_government_count_female_minang;Tuanku;;;;;;;;;;;;;x
diwan_government_count_title_ruler_consort_minang;Tuanku;;;;;;;;;;;;;x
diwan_government_count_title_ruler_consort_female_minang;Tuanku;;;;;;;;;;;;;x
diwan_government_duke_minang;Tengku;;;;;;;;;;;;;x
diwan_government_duke_female_minang;Tengku;;;;;;;;;;;;;x
diwan_government_duke_title_ruler_consort_minang;Tengku;;;;;;;;;;;;;x
diwan_government_duke_title_ruler_consort_female_minang;Tengku;;;;;;;;;;;;;x
diwan_government_king_minang;Sultan;;;;;;;;;;;;;x
diwan_government_king_female_minang;Sultanah;;;;;;;;;;;;;x
diwan_government_title_ruler_consort_minang;Sultan;;;;;;;;;;;;;x
diwan_government_title_ruler_consort_female_minang;Sultanah;;;;;;;;;;;;;x
diwan_government_emperor_minang;Maharaja;;;;;;;;;;;;;x
diwan_government_emperor_female_minang;Maharani;;;;;;;;;;;;;x
diwan_government_emperor_title_ruler_consort_minang;Maharaja;;;;;;;;;;;;;x
diwan_government_emperor_title_ruler_consort_female_minang;Maharani;;;;;;;;;;;;;x
diwan_government_title_prince_minang;Tunku;;;;;;;;;;;;;x
diwan_government_title_prince_female_minang;Tunku;;;;;;;;;;;;;x
diwan_government_barony_of_minang;Lordship of;;;;;;;;;;;;;x
diwan_government_county_of_minang;Province of;;;;;;;;;;;;;x
diwan_government_duchy_of_minang;Principality of;;;;;;;;;;;;;x
diwan_government_kingdom_of_minang;Sultanate of;;;;;;;;;;;;;x
diwan_government_empire_of_minang;Empire of;;;;;;;;;;;;;x
city_baron_minang;Datuk Bandar;;;;;;;;;;;;;x
city_count_minang;Bupati;;;;;;;;;;;;;x

mandala_government_baron_nusantaran;Demang;;;;;;;;;;;;;x
mandala_government_baron_female_nusantaran;Demang;;;;;;;;;;;;;x
mandala_government_baron_title_ruler_consort_nusantaran;Mas;;;;;;;;;;;;;x
mandala_government_baron_title_ruler_consort_female_nusantaran;Nyai;;;;;;;;;;;;;x
mandala_government_count_nusantaran;Bupati;;;;;;;;;;;;;x
mandala_government_count_female_nusantaran;Bupati;;;;;;;;;;;;;x
mandala_government_count_title_ruler_consort_nusantaran;Mas;;;;;;;;;;;;;x
mandala_government_count_title_ruler_consort_female_nusantaran;Nyai;;;;;;;;;;;;;x
mandala_government_duke_nusantaran;Adipati;;;;;;;;;;;;;x
mandala_government_duke_female_nusantaran;Adipati;;;;;;;;;;;;;x
mandala_government_duke_title_ruler_consort_nusantaran;Raden Mas;;;;;;;;;;;;;x
mandala_government_duke_title_ruler_consort_female_nusantaran;Raden Ayu;;;;;;;;;;;;;x
mandala_government_king_nusantaran;Susuhunan;;;;;;;;;;;;;x
mandala_government_king_female_nusantaran;Susuhunan;;;;;;;;;;;;;x
mandala_government_title_ruler_consort_nusantaran;Kanjeng Raden Mas;;;;;;;;;;;;;x
mandala_government_title_ruler_consort_female_nusantaran;Kanjeng Raden Ayu;;;;;;;;;;;;;x
mandala_government_emperor_nusantaran;Sultan;;;;;;;;;;;;;x
mandala_government_emperor_female_nusantaran;Sultanah;;;;;;;;;;;;;x
mandala_government_emperor_title_ruler_consort_nusantaran;Kanjeng Raden Mas;;;;;;;;;;;;;x
mandala_government_emperor_title_ruler_consort_female_nusantaran;Kanjeng Raden Ayu;;;;;;;;;;;;;x
mandala_government_title_prince_nusantaran;Raden Mas;;;;;;;;;;;;;x
mandala_government_title_prince_female_nusantaran;Raden Ajeng;;;;;;;;;;;;;x
mandala_government_barony_of_nusantaran;Yang;;;;;;;;;;;;;x
mandala_government_county_of_nusantaran;Kabupaten;;;;;;;;;;;;;x
mandala_government_duchy_of_nusantaran;Kerajaan;;;;;;;;;;;;;x
mandala_government_kingdom_of_nusantaran;Kesultanan;;;;;;;;;;;;;x
mandala_government_empire_of_nusantaran;Kekaisaran;;;;;;;;;;;;;x
mandala_government_city_baron_nusantaran;Kapten;;;;;;;;;;;;;x

mandala_government_baron_balinese;Demang;;;;;;;;;;;;;x
mandala_government_baron_female_balinese;Demang;;;;;;;;;;;;;x
mandala_government_baron_title_ruler_consort_balinese;Mas;;;;;;;;;;;;;x
mandala_government_baron_title_ruler_consort_female_balinese;Nyai;;;;;;;;;;;;;x
mandala_government_count_balinese;Bupati;;;;;;;;;;;;;x
mandala_government_count_female_balinese;Bupati;;;;;;;;;;;;;x
mandala_government_count_title_ruler_consort_balinese;Mas;;;;;;;;;;;;;x
mandala_government_count_title_ruler_consort_female_balinese;Nyai;;;;;;;;;;;;;x
mandala_government_duke_balinese;Adipati;;;;;;;;;;;;;x
mandala_government_duke_female_balinese;Adipati;;;;;;;;;;;;;x
mandala_government_duke_title_ruler_consort_balinese;Raden Mas;;;;;;;;;;;;;x
mandala_government_duke_title_ruler_consort_female_balinese;Raden Ayu;;;;;;;;;;;;;x
mandala_government_king_balinese;Dewa;;;;;;;;;;;;;x
mandala_government_king_female_balinese;Dalem;;;;;;;;;;;;;x
mandala_government_title_ruler_consort_balinese;Kanjeng Raden Mas;;;;;;;;;;;;;x
mandala_government_title_ruler_consort_female_balinese;Kanjeng Raden Ayu;;;;;;;;;;;;;x
mandala_government_emperor_balinese;Sultan;;;;;;;;;;;;;x
mandala_government_emperor_female_balinese;Sultanah;;;;;;;;;;;;;x
mandala_government_emperor_title_ruler_consort_balinese;Kanjeng Raden Mas;;;;;;;;;;;;;x
mandala_government_emperor_title_ruler_consort_female_balinese;Kanjeng Raden Ayu;;;;;;;;;;;;;x
mandala_government_title_prince_balinese;Raden Mas;;;;;;;;;;;;;x
mandala_government_title_prince_female_balinese;Raden Ajeng;;;;;;;;;;;;;x
mandala_government_barony_of_balinese;Yang;;;;;;;;;;;;;x
mandala_government_county_of_balinese;Kabupaten;;;;;;;;;;;;;x
mandala_government_duchy_of_balinese;Kerajaan;;;;;;;;;;;;;x
mandala_government_kingdom_of_balinese;Kerajaan;;;;;;;;;;;;;x
mandala_government_empire_of_balinese;Kerajaan;;;;;;;;;;;;;x
mandala_government_city_baron_balinese;Kapten;;;;;;;;;;;;;x

baron_javanese;Demang;;;;;;;;;;;;;x
baron_female_javanese;Demang;;;;;;;;;;;;;x
baron_title_ruler_consort_javanese;Mas;;;;;;;;;;;;;x
baron_title_ruler_consort_female_javanese;Nyai;;;;;;;;;;;;;x
count_javanese;Bupati;;;;;;;;;;;;;x
count_female_javanese;Bupati;;;;;;;;;;;;;x
count_title_ruler_consort_javanese;Mas;;;;;;;;;;;;;x
count_title_ruler_consort_female_javanese;Nyai;;;;;;;;;;;;;x
duke_javanese;Adipati;;;;;;;;;;;;;x
duke_female_javanese;Adipati;;;;;;;;;;;;;x
duke_title_ruler_consort_javanese;Raden Mas;;;;;;;;;;;;;x
duke_title_ruler_consort_female_javanese;Raden Ayu;;;;;;;;;;;;;x
king_javanese;Susuhunan;;;;;;;;;;;;;x
king_female_javanese;Susuhunan;;;;;;;;;;;;;x
title_ruler_consort_javanese;Kanjeng Raden Mas;;;;;;;;;;;;;x
title_ruler_consort_female_javanese;Kanjeng Raden Ayu;;;;;;;;;;;;;x
emperor_javanese;Sultan;;;;;;;;;;;;;x
emperor_female_javanese;Sultanah;;;;;;;;;;;;;x
emperor_title_ruler_consort_javanese;Kanjeng Raden Mas;;;;;;;;;;;;;x
emperor_title_ruler_consort_female_javanese;Kanjeng Raden Ayu;;;;;;;;;;;;;x
title_prince_javanese;Raden Mas;;;;;;;;;;;;;x
title_prince_female_javanese;Raden Ajeng;;;;;;;;;;;;;x
barony_of_javanese;Yang;;;;;;;;;;;;;x
county_of_javanese;Kabupaten;;;;;;;;;;;;;x
duchy_of_javanese;Kerajaan;;;;;;;;;;;;;x
kingdom_of_javanese;Kesultanan;;;;;;;;;;;;;x
empire_of_javanese;Kekaisaran;;;;;;;;;;;;;x
city_baron_javanese;Kapten;;;;;;;;;;;;;x

mandala_government_baron_javanese;Demang;;;;;;;;;;;;;x
mandala_government_baron_female_javanese;Demang;;;;;;;;;;;;;x
mandala_government_baron_title_ruler_consort_javanese;Mas;;;;;;;;;;;;;x
mandala_government_baron_title_ruler_consort_female_javanese;Nyai;;;;;;;;;;;;;x
mandala_government_count_javanese;Bupati;;;;;;;;;;;;;x
mandala_government_count_female_javanese;Bupati;;;;;;;;;;;;;x
mandala_government_count_title_ruler_consort_javanese;Mas;;;;;;;;;;;;;x
mandala_government_count_title_ruler_consort_female_javanese;Nyai;;;;;;;;;;;;;x
mandala_government_duke_javanese;Adipati;;;;;;;;;;;;;x
mandala_government_duke_female_javanese;Adipati;;;;;;;;;;;;;x
mandala_government_duke_title_ruler_consort_javanese;Raden Mas;;;;;;;;;;;;;x
mandala_government_duke_title_ruler_consort_female_javanese;Raden Ayu;;;;;;;;;;;;;x
mandala_government_king_javanese;Susuhunan;;;;;;;;;;;;;x
mandala_government_king_female_javanese;Susuhunan;;;;;;;;;;;;;x
mandala_government_title_ruler_consort_javanese;Kanjeng Raden Mas;;;;;;;;;;;;;x
mandala_government_title_ruler_consort_female_javanese;Kanjeng Raden Ayu;;;;;;;;;;;;;x
mandala_government_emperor_javanese;Sultan;;;;;;;;;;;;;x
mandala_government_emperor_female_javanese;Sultanah;;;;;;;;;;;;;x
mandala_government_emperor_title_ruler_consort_javanese;Kanjeng Raden Mas;;;;;;;;;;;;;x
mandala_government_emperor_title_ruler_consort_female_javanese;Kanjeng Raden Ayu;;;;;;;;;;;;;x
mandala_government_title_prince_javanese;Raden Mas;;;;;;;;;;;;;x
mandala_government_title_prince_female_javanese;Raden Ajeng;;;;;;;;;;;;;x
mandala_government_barony_of_javanese;Yang;;;;;;;;;;;;;x
mandala_government_county_of_javanese;Kabupaten;;;;;;;;;;;;;x
mandala_government_duchy_of_javanese;Kerajaan;;;;;;;;;;;;;x
mandala_government_kingdom_of_javanese;Kesultanan;;;;;;;;;;;;;x
mandala_government_empire_of_javanese;Kekaisaran;;;;;;;;;;;;;x
mandala_government_city_baron_javanese;Kapten;;;;;;;;;;;;;x

ghazi_government_baron_javanese;Demang;;;;;;;;;;;;;x
ghazi_government_baron_female_javanese;Demang;;;;;;;;;;;;;x
ghazi_government_baron_title_ruler_consort_javanese;Mas;;;;;;;;;;;;;x
ghazi_government_baron_title_ruler_consort_female_javanese;Nyai;;;;;;;;;;;;;x
ghazi_government_count_javanese;Bupati;;;;;;;;;;;;;x
ghazi_government_count_female_javanese;Bupati;;;;;;;;;;;;;x
ghazi_government_count_title_ruler_consort_javanese;Mas;;;;;;;;;;;;;x
ghazi_government_count_title_ruler_consort_female_javanese;Nyai;;;;;;;;;;;;;x
ghazi_government_duke_javanese;Adipati;;;;;;;;;;;;;x
ghazi_government_duke_female_javanese;Adipati;;;;;;;;;;;;;x
ghazi_government_duke_title_ruler_consort_javanese;Raden Mas;;;;;;;;;;;;;x
ghazi_government_duke_title_ruler_consort_female_javanese;Raden Ayu;;;;;;;;;;;;;x
ghazi_government_king_javanese;Susuhunan;;;;;;;;;;;;;x
ghazi_government_king_female_javanese;Susuhunan;;;;;;;;;;;;;x
ghazi_government_title_ruler_consort_javanese;Kanjeng Raden Mas;;;;;;;;;;;;;x
ghazi_government_title_ruler_consort_female_javanese;Kanjeng Raden Ayu;;;;;;;;;;;;;x
ghazi_government_emperor_javanese;Sultan;;;;;;;;;;;;;x
ghazi_government_emperor_female_javanese;Sultanah;;;;;;;;;;;;;x
ghazi_government_emperor_title_ruler_consort_javanese;Kanjeng Raden Mas;;;;;;;;;;;;;x
ghazi_government_emperor_title_ruler_consort_female_javanese;Kanjeng Raden Ayu;;;;;;;;;;;;;x
ghazi_government_title_prince_javanese;Pangeran;;;;;;;;;;;;;x
ghazi_government_title_prince_female_javanese;Putri;;;;;;;;;;;;;x
ghazi_government_barony_of_javanese;Lordship of;;;;;;;;;;;;;x
ghazi_government_county_of_javanese;Regency of;;;;;;;;;;;;;x
ghazi_government_duchy_of_javanese;Principality of;;;;;;;;;;;;;x
ghazi_government_kingdom_of_javanese;Sultanate of;;;;;;;;;;;;;x
diwan_government_empire_of_javanese;Empire of;;;;;;;;;;;;;x
diwan_government_baron_javanese;Demang;;;;;;;;;;;;;x
diwan_government_baron_female_javanese;Demang;;;;;;;;;;;;;x
diwan_government_baron_title_ruler_consort_javanese;Mas;;;;;;;;;;;;;x
diwan_government_baron_title_ruler_consort_female_javanese;Nyai;;;;;;;;;;;;;x
diwan_government_count_javanese;Bupati;;;;;;;;;;;;;x
diwan_government_count_female_javanese;Bupati;;;;;;;;;;;;;x
diwan_government_count_title_ruler_consort_javanese;Mas;;;;;;;;;;;;;x
diwan_government_count_title_ruler_consort_female_javanese;Nyai;;;;;;;;;;;;;x
diwan_government_duke_javanese;Adipati;;;;;;;;;;;;;x
diwan_government_duke_female_javanese;Adipati;;;;;;;;;;;;;x
diwan_government_duke_title_ruler_consort_javanese;Raden Mas;;;;;;;;;;;;;x
diwan_government_duke_title_ruler_consort_female_javanese;Raden Ayu;;;;;;;;;;;;;x
diwan_government_king_javanese;Susuhunan;;;;;;;;;;;;;x
diwan_government_king_female_javanese;Susuhunan;;;;;;;;;;;;;x
diwan_government_title_ruler_consort_javanese;Kanjeng Raden Mas;;;;;;;;;;;;;x
diwan_government_title_ruler_consort_female_javanese;Kanjeng Raden Ayu;;;;;;;;;;;;;x
diwan_government_emperor_javanese;Sultan;;;;;;;;;;;;;x
diwan_government_emperor_female_javanese;Sultanah;;;;;;;;;;;;;x
diwan_government_emperor_title_ruler_consort_javanese;Kanjeng Raden Mas;;;;;;;;;;;;;x
diwan_government_emperor_title_ruler_consort_female_javanese;Kanjeng Raden Ayu;;;;;;;;;;;;;x
diwan_government_title_prince_javanese;Pangeran;;;;;;;;;;;;;x
diwan_government_title_prince_female_javanese;Putri;;;;;;;;;;;;;x
diwan_government_barony_of_javanese;Lordship of;;;;;;;;;;;;;x
diwan_government_county_of_javanese;Regency of;;;;;;;;;;;;;x
diwan_government_duchy_of_javanese;Principality of;;;;;;;;;;;;;x
diwan_government_kingdom_of_javanese;Sultanate of;;;;;;;;;;;;;x
diwan_government_empire_of_javanese;Empire of;;;;;;;;;;;;;x
city_baron_javanese;Kapitan;;;;;;;;;;;;;x
city_count_javanese;Bupati;;;;;;;;;;;;;x

baron_madurese;Demang;;;;;;;;;;;;;x
baron_female_madurese;Demang;;;;;;;;;;;;;x
baron_title_ruler_consort_madurese;Mas;;;;;;;;;;;;;x
baron_title_ruler_consort_female_madurese;Nyai;;;;;;;;;;;;;x
count_madurese;Bupati;;;;;;;;;;;;;x
count_female_madurese;Bupati;;;;;;;;;;;;;x
count_title_ruler_consort_madurese;Mas;;;;;;;;;;;;;x
count_title_ruler_consort_female_madurese;Nyai;;;;;;;;;;;;;x
duke_madurese;Adipati;;;;;;;;;;;;;x
duke_female_madurese;Adipati;;;;;;;;;;;;;x
duke_title_ruler_consort_madurese;Raden Mas;;;;;;;;;;;;;x
duke_title_ruler_consort_female_madurese;Raden Ayu;;;;;;;;;;;;;x
king_madurese;Susuhunan;;;;;;;;;;;;;x
king_female_madurese;Susuhunan;;;;;;;;;;;;;x
title_ruler_consort_madurese;Kanjeng Raden Mas;;;;;;;;;;;;;x
title_ruler_consort_female_madurese;Kanjeng Raden Ayu;;;;;;;;;;;;;x
emperor_madurese;Sultan;;;;;;;;;;;;;x
emperor_female_madurese;Sultanah;;;;;;;;;;;;;x
emperor_title_ruler_consort_madurese;Kanjeng Raden Mas;;;;;;;;;;;;;x
emperor_title_ruler_consort_female_madurese;Kanjeng Raden Ayu;;;;;;;;;;;;;x
title_prince_madurese;Raden Mas;;;;;;;;;;;;;x
title_prince_female_madurese;Raden Ajeng;;;;;;;;;;;;;x
barony_of_madurese;Lordship of;;;;;;;;;;;;;x
county_of_madurese;Regency of;;;;;;;;;;;;;x
duchy_of_madurese;Principality of;;;;;;;;;;;;;x
kingdom_of_madurese;Sultanate of;;;;;;;;;;;;;x
empire_of_madurese;Empire of;;;;;;;;;;;;;x
ghazi_government_baron_madurese;Demang;;;;;;;;;;;;;x
ghazi_government_baron_female_madurese;Demang;;;;;;;;;;;;;x
ghazi_government_baron_title_ruler_consort_madurese;Mas;;;;;;;;;;;;;x
ghazi_government_baron_title_ruler_consort_female_madurese;Nyai;;;;;;;;;;;;;x
ghazi_government_count_madurese;Bupati;;;;;;;;;;;;;x
ghazi_government_count_female_madurese;Bupati;;;;;;;;;;;;;x
ghazi_government_count_title_ruler_consort_madurese;Mas;;;;;;;;;;;;;x
ghazi_government_count_title_ruler_consort_female_madurese;Nyai;;;;;;;;;;;;;x
ghazi_government_duke_madurese;Adipati;;;;;;;;;;;;;x
ghazi_government_duke_female_madurese;Adipati;;;;;;;;;;;;;x
ghazi_government_duke_title_ruler_consort_madurese;Raden Mas;;;;;;;;;;;;;x
ghazi_government_duke_title_ruler_consort_female_madurese;Raden Ayu;;;;;;;;;;;;;x
ghazi_government_king_madurese;Susuhunan;;;;;;;;;;;;;x
ghazi_government_king_female_madurese;Susuhunan;;;;;;;;;;;;;x
ghazi_government_title_ruler_consort_madurese;Kanjeng Raden Mas;;;;;;;;;;;;;x
ghazi_government_title_ruler_consort_female_madurese;Kanjeng Raden Ayu;;;;;;;;;;;;;x
ghazi_government_emperor_madurese;Sultan;;;;;;;;;;;;;x
ghazi_government_emperor_female_madurese;Sultanah;;;;;;;;;;;;;x
ghazi_government_emperor_title_ruler_consort_madurese;Kanjeng Raden Mas;;;;;;;;;;;;;x
ghazi_government_emperor_title_ruler_consort_female_madurese;Kanjeng Raden Ayu;;;;;;;;;;;;;x
ghazi_government_title_prince_madurese;Pangeran;;;;;;;;;;;;;x
ghazi_government_title_prince_female_madurese;Putri;;;;;;;;;;;;;x
ghazi_government_barony_of_madurese;Lordship of;;;;;;;;;;;;;x
ghazi_government_county_of_madurese;Regency of;;;;;;;;;;;;;x
ghazi_government_duchy_of_madurese;Principality of;;;;;;;;;;;;;x
ghazi_government_kingdom_of_madurese;Sultanate of;;;;;;;;;;;;;x
diwan_government_empire_of_madurese;Empire of;;;;;;;;;;;;;x
diwan_government_baron_madurese;Demang;;;;;;;;;;;;;x
diwan_government_baron_female_madurese;Demang;;;;;;;;;;;;;x
diwan_government_baron_title_ruler_consort_madurese;Mas;;;;;;;;;;;;;x
diwan_government_baron_title_ruler_consort_female_madurese;Nyai;;;;;;;;;;;;;x
diwan_government_count_madurese;Bupati;;;;;;;;;;;;;x
diwan_government_count_female_madurese;Bupati;;;;;;;;;;;;;x
diwan_government_count_title_ruler_consort_madurese;Mas;;;;;;;;;;;;;x
diwan_government_count_title_ruler_consort_female_madurese;Nyai;;;;;;;;;;;;;x
diwan_government_duke_madurese;Adipati;;;;;;;;;;;;;x
diwan_government_duke_female_madurese;Adipati;;;;;;;;;;;;;x
diwan_government_duke_title_ruler_consort_madurese;Raden Mas;;;;;;;;;;;;;x
diwan_government_duke_title_ruler_consort_female_madurese;Raden Ayu;;;;;;;;;;;;;x
diwan_government_king_madurese;Susuhunan;;;;;;;;;;;;;x
diwan_government_king_female_madurese;Susuhunan;;;;;;;;;;;;;x
diwan_government_title_ruler_consort_madurese;Kanjeng Raden Mas;;;;;;;;;;;;;x
diwan_government_title_ruler_consort_female_madurese;Kanjeng Raden Ayu;;;;;;;;;;;;;x
diwan_government_emperor_madurese;Sultan;;;;;;;;;;;;;x
diwan_government_emperor_female_madurese;Sultanah;;;;;;;;;;;;;x
diwan_government_emperor_title_ruler_consort_madurese;Kanjeng Raden Mas;;;;;;;;;;;;;x
diwan_government_emperor_title_ruler_consort_female_madurese;Kanjeng Raden Ayu;;;;;;;;;;;;;x
diwan_government_title_prince_madurese;Pangeran;;;;;;;;;;;;;x
diwan_government_title_prince_female_madurese;Putri;;;;;;;;;;;;;x
diwan_government_barony_of_madurese;Lordship of;;;;;;;;;;;;;x
diwan_government_county_of_madurese;Regency of;;;;;;;;;;;;;x
diwan_government_duchy_of_madurese;Principality of;;;;;;;;;;;;;x
diwan_government_kingdom_of_madurese;Sultanate of;;;;;;;;;;;;;x
diwan_government_empire_of_madurese;Empire of;;;;;;;;;;;;;x
city_baron_madurese;Kapitan;;;;;;;;;;;;;x
city_count_madurese;Bupati;;;;;;;;;;;;;x

baron_sundanese;Menak;;;;;;;;;;;;;x
baron_female_sundanese;Menak;;;;;;;;;;;;;x
baron_title_ruler_consort_sundanese;Mas;;;;;;;;;;;;;x
baron_title_ruler_consort_female_sundanese;Nyai;;;;;;;;;;;;;x
count_sundanese;Bupati;;;;;;;;;;;;;x
count_female_sundanese;Bupati;;;;;;;;;;;;;x
count_title_ruler_consort_sundanese;Mas;;;;;;;;;;;;;x
count_title_ruler_consort_female_sundanese;Nyai;;;;;;;;;;;;;x
duke_sundanese;Adipati;;;;;;;;;;;;;x
duke_female_sundanese;Adipati;;;;;;;;;;;;;x
duke_title_ruler_consort_sundanese;Raden;;;;;;;;;;;;;x
duke_title_ruler_consort_female_sundanese;Nyai Raden;;;;;;;;;;;;;x
king_sundanese;Susuhunan;;;;;;;;;;;;;x
king_female_sundanese;Susuhunan;;;;;;;;;;;;;x
title_ruler_consort_sundanese;Raden Mas;;;;;;;;;;;;;x
title_ruler_consort_female_sundanese;Nyai Raden;;;;;;;;;;;;;x
emperor_sundanese;Sultan;;;;;;;;;;;;;x
emperor_female_sundanese;Sultanah;;;;;;;;;;;;;x
emperor_title_ruler_consort_sundanese;Raden;;;;;;;;;;;;;x
emperor_title_ruler_consort_female_sundanese;Nyai Raden;;;;;;;;;;;;;x
title_prince_sundanese;Raden Mas;;;;;;;;;;;;;x
title_prince_female_sundanese;Raden Ajeng;;;;;;;;;;;;;x
barony_of_sundanese;Lordship of;;;;;;;;;;;;;x
county_of_sundanese;Regency of;;;;;;;;;;;;;x
duchy_of_sundanese;Principality of;;;;;;;;;;;;;x
kingdom_of_sundanese;Sultanate of;;;;;;;;;;;;;x
empire_of_sundanese;Empire of;;;;;;;;;;;;;x
ghazi_government_baron_sundanese;Menak;;;;;;;;;;;;;x
ghazi_government_baron_female_sundanese;Menak;;;;;;;;;;;;;x
ghazi_government_baron_title_ruler_consort_sundanese;Mas;;;;;;;;;;;;;x
ghazi_government_baron_title_ruler_consort_female_sundanese;Nyai;;;;;;;;;;;;;x
ghazi_government_count_sundanese;Bupati;;;;;;;;;;;;;x
ghazi_government_count_female_sundanese;Bupati;;;;;;;;;;;;;x
ghazi_government_count_title_ruler_consort_sundanese;Mas;;;;;;;;;;;;;x
ghazi_government_count_title_ruler_consort_female_sundanese;Nyai;;;;;;;;;;;;;x
ghazi_government_duke_sundanese;Adipati;;;;;;;;;;;;;x
ghazi_government_duke_female_sundanese;Adipati;;;;;;;;;;;;;x
ghazi_government_duke_title_ruler_consort_sundanese;Raden;;;;;;;;;;;;;x
ghazi_government_duke_title_ruler_consort_female_sundanese;Nyai Raden;;;;;;;;;;;;;x
ghazi_government_king_sundanese;Susuhunan;;;;;;;;;;;;;x
ghazi_government_king_female_sundanese;Susuhunan;;;;;;;;;;;;;x
ghazi_government_title_ruler_consort_sundanese;Raden Mas;;;;;;;;;;;;;x
ghazi_government_title_ruler_consort_female_sundanese;Nyai Raden;;;;;;;;;;;;;x
ghazi_government_emperor_sundanese;Sultan;;;;;;;;;;;;;x
ghazi_government_emperor_female_sundanese;Sultanah;;;;;;;;;;;;;x
ghazi_government_emperor_title_ruler_consort_sundanese;Raden;;;;;;;;;;;;;x
ghazi_government_emperor_title_ruler_consort_female_sundanese;Nyai Raden;;;;;;;;;;;;;x
ghazi_government_title_prince_sundanese;Pangeran;;;;;;;;;;;;;x
ghazi_government_title_prince_female_sundanese;Putri;;;;;;;;;;;;;x
ghazi_government_barony_of_sundanese;Lordship of;;;;;;;;;;;;;x
ghazi_government_county_of_sundanese;Regency of;;;;;;;;;;;;;x
ghazi_government_duchy_of_sundanese;Principality of;;;;;;;;;;;;;x
ghazi_government_kingdom_of_sundanese;Sultanate of;;;;;;;;;;;;;x
diwan_government_empire_of_sundanese;Empire of;;;;;;;;;;;;;x
diwan_government_baron_sundanese;Menak;;;;;;;;;;;;;x
diwan_government_baron_female_sundanese;Menak;;;;;;;;;;;;;x
diwan_government_baron_title_ruler_consort_sundanese;Mas;;;;;;;;;;;;;x
diwan_government_baron_title_ruler_consort_female_sundanese;Nyai;;;;;;;;;;;;;x
diwan_government_count_sundanese;Bupati;;;;;;;;;;;;;x
diwan_government_count_female_sundanese;Bupati;;;;;;;;;;;;;x
diwan_government_count_title_ruler_consort_sundanese;Mas;;;;;;;;;;;;;x
diwan_government_count_title_ruler_consort_female_sundanese;Nyai;;;;;;;;;;;;;x
diwan_government_duke_sundanese;Adipati;;;;;;;;;;;;;x
diwan_government_duke_female_sundanese;Adipati;;;;;;;;;;;;;x
diwan_government_duke_title_ruler_consort_sundanese;Raden;;;;;;;;;;;;;x
diwan_government_duke_title_ruler_consort_female_sundanese;Nyai Raden;;;;;;;;;;;;;x
diwan_government_king_sundanese;Susuhunan;;;;;;;;;;;;;x
diwan_government_king_female_sundanese;Susuhunan;;;;;;;;;;;;;x
diwan_government_title_ruler_consort_sundanese;Raden Mas;;;;;;;;;;;;;x
diwan_government_title_ruler_consort_female_sundanese;Nyai Raden;;;;;;;;;;;;;x
diwan_government_emperor_sundanese;Sultan;;;;;;;;;;;;;x
diwan_government_emperor_female_sundanese;Sultanah;;;;;;;;;;;;;x
diwan_government_emperor_title_ruler_consort_sundanese;Raden;;;;;;;;;;;;;x
diwan_government_emperor_title_ruler_consort_female_sundanese;Nyai Raden;;;;;;;;;;;;;x
diwan_government_title_prince_sundanese;Pangeran;;;;;;;;;;;;;x
diwan_government_title_prince_female_sundanese;Putri;;;;;;;;;;;;;x
diwan_government_barony_of_sundanese;Lordship of;;;;;;;;;;;;;x
diwan_government_county_of_sundanese;Regency of;;;;;;;;;;;;;x
diwan_government_duchy_of_sundanese;Principality of;;;;;;;;;;;;;x
diwan_government_kingdom_of_sundanese;Sultanate of;;;;;;;;;;;;;x
diwan_government_empire_of_sundanese;Empire of;;;;;;;;;;;;;x
city_baron_sundanese;Kapitan;;;;;;;;;;;;;x
city_count_sundanese;Bupati;;;;;;;;;;;;;x

baron_jakartan;Lurah;;;;;;;;;;;;;x
baron_female_jakartan;Lurah;;;;;;;;;;;;;x
baron_title_ruler_consort_jakartan;Mas;;;;;;;;;;;;;x
baron_title_ruler_consort_female_jakartan;Mbak;;;;;;;;;;;;;x
count_jakartan;Bupati;;;;;;;;;;;;;x
count_female_jakartan;Bupati;;;;;;;;;;;;;x
count_title_ruler_consort_jakartan;Mas;;;;;;;;;;;;;x
count_title_ruler_consort_female_jakartan;Mbak;;;;;;;;;;;;;x
duke_jakartan;Adipati;;;;;;;;;;;;;x
duke_female_jakartan;Adipati;;;;;;;;;;;;;x
duke_title_ruler_consort_jakartan;Raden;;;;;;;;;;;;;x
duke_title_ruler_consort_female_jakartan;Nyai Raden;;;;;;;;;;;;;x
king_jakartan;Raja;;;;;;;;;;;;;x
king_female_jakartan;Ratu;;;;;;;;;;;;;x
title_ruler_consort_jakartan;Raden Mas;;;;;;;;;;;;;x
title_ruler_consort_female_jakartan;Nyai Raden;;;;;;;;;;;;;x
emperor_jakartan;Maharaja;;;;;;;;;;;;;x
emperor_female_jakartan;Maharatu;;;;;;;;;;;;;x
emperor_title_ruler_consort_jakartan;Raden;;;;;;;;;;;;;x
emperor_title_ruler_consort_female_jakartan;Nyai Raden;;;;;;;;;;;;;x
title_prince_jakartan;Pangeran;;;;;;;;;;;;;x
title_prince_female_jakartan;Putri;;;;;;;;;;;;;x
barony_of_jakartan;Lordship of;;;;;;;;;;;;;x
county_of_jakartan;Regency of;;;;;;;;;;;;;x
duchy_of_jakartan;Principality of;;;;;;;;;;;;;x
kingdom_of_jakartan;Sultanate of;;;;;;;;;;;;;x
empire_of_jakartan;Empire of;;;;;;;;;;;;;x
ghazi_government_baron_jakartan;Lurah;;;;;;;;;;;;;x
ghazi_government_baron_female_jakartan;Lurah;;;;;;;;;;;;;x
ghazi_government_baron_title_ruler_consort_jakartan;Mas;;;;;;;;;;;;;x
ghazi_government_baron_title_ruler_consort_female_jakartan;Mbak;;;;;;;;;;;;;x
ghazi_government_count_jakartan;Bupati;;;;;;;;;;;;;x
ghazi_government_count_female_jakartan;Bupati;;;;;;;;;;;;;x
ghazi_government_count_title_ruler_consort_jakartan;Mas;;;;;;;;;;;;;x
ghazi_government_count_title_ruler_consort_female_jakartan;Mbak;;;;;;;;;;;;;x
ghazi_government_duke_jakartan;Adipati;;;;;;;;;;;;;x
ghazi_government_duke_female_jakartan;Adipati;;;;;;;;;;;;;x
ghazi_government_duke_title_ruler_consort_jakartan;Raden;;;;;;;;;;;;;x
ghazi_government_duke_title_ruler_consort_female_jakartan;Nyai Raden;;;;;;;;;;;;;x
ghazi_government_king_jakartan;Raja;;;;;;;;;;;;;x
ghazi_government_king_female_jakartan;Ratu;;;;;;;;;;;;;x
ghazi_government_title_ruler_consort_jakartan;Raden Mas;;;;;;;;;;;;;x
ghazi_government_title_ruler_consort_female_jakartan;Nyai Raden;;;;;;;;;;;;;x
ghazi_government_emperor_jakartan;Maharaja;;;;;;;;;;;;;x
ghazi_government_emperor_female_jakartan;Maharatu;;;;;;;;;;;;;x
ghazi_government_emperor_title_ruler_consort_jakartan;Raden;;;;;;;;;;;;;x
ghazi_government_emperor_title_ruler_consort_female_jakartan;Nyai Raden;;;;;;;;;;;;;x
ghazi_government_title_prince_jakartan;Pangeran;;;;;;;;;;;;;x
ghazi_government_title_prince_female_jakartan;Putri;;;;;;;;;;;;;x
ghazi_government_barony_of_jakartan;Lordship of;;;;;;;;;;;;;x
ghazi_government_county_of_jakartan;Regency of;;;;;;;;;;;;;x
ghazi_government_duchy_of_jakartan;Principality of;;;;;;;;;;;;;x
ghazi_government_kingdom_of_jakartan;Sultanate of;;;;;;;;;;;;;x
diwan_government_empire_of_jakartan;Empire of;;;;;;;;;;;;;x
diwan_government_baron_jakartan;Lurah;;;;;;;;;;;;;x
diwan_government_baron_female_jakartan;Lurah;;;;;;;;;;;;;x
diwan_government_baron_title_ruler_consort_jakartan;Mas;;;;;;;;;;;;;x
diwan_government_baron_title_ruler_consort_female_jakartan;Mbak;;;;;;;;;;;;;x
diwan_government_count_jakartan;Bupati;;;;;;;;;;;;;x
diwan_government_count_female_jakartan;Bupati;;;;;;;;;;;;;x
diwan_government_count_title_ruler_consort_jakartan;Mas;;;;;;;;;;;;;x
diwan_government_count_title_ruler_consort_female_jakartan;Mbak;;;;;;;;;;;;;x
diwan_government_duke_jakartan;Adipati;;;;;;;;;;;;;x
diwan_government_duke_female_jakartan;Adipati;;;;;;;;;;;;;x
diwan_government_duke_title_ruler_consort_jakartan;Raden;;;;;;;;;;;;;x
diwan_government_duke_title_ruler_consort_female_jakartan;Nyai Raden;;;;;;;;;;;;;x
diwan_government_king_jakartan;Raja;;;;;;;;;;;;;x
diwan_government_king_female_jakartan;Ratu;;;;;;;;;;;;;x
diwan_government_title_ruler_consort_jakartan;Raden Mas;;;;;;;;;;;;;x
diwan_government_title_ruler_consort_female_jakartan;Nyai Raden;;;;;;;;;;;;;x
diwan_government_emperor_jakartan;Maharaja;;;;;;;;;;;;;x
diwan_government_emperor_female_jakartan;Maharatu;;;;;;;;;;;;;x
diwan_government_emperor_title_ruler_consort_jakartan;Raden;;;;;;;;;;;;;x
diwan_government_emperor_title_ruler_consort_female_jakartan;Nyai Raden;;;;;;;;;;;;;x
diwan_government_title_prince_jakartan;Pangeran;;;;;;;;;;;;;x
diwan_government_title_prince_female_jakartan;Putri;;;;;;;;;;;;;x
diwan_government_barony_of_jakartan;Lordship of;;;;;;;;;;;;;x
diwan_government_county_of_jakartan;Regency of;;;;;;;;;;;;;x
diwan_government_duchy_of_jakartan;Principality of;;;;;;;;;;;;;x
diwan_government_kingdom_of_jakartan;Sultanate of;;;;;;;;;;;;;x
diwan_government_empire_of_jakartan;Empire of;;;;;;;;;;;;;x
city_baron_jakartan;Camat;;;;;;;;;;;;;x
city_count_jakartan;Walikota;;;;;;;;;;;;;x